,Feature 0,Feature 1,Feature 2,Feature 3,Feature 4,Feature 5,Feature 6,Feature 7,Feature 8,Feature 9,class
0,-3.639,0.418,-0.67,1.779,-0.168,1.6269999999999998,-0.3879999999999999,0.529,-0.8740000000000001,-0.8140000000000001,0
1,-3.327,0.496,-0.6940000000000001,1.365,-0.265,1.933,-0.363,0.51,-0.621,-0.488,1
2,-2.12,0.894,-1.5759999999999998,0.147,-0.7070000000000001,1.5590000000000002,-0.579,0.6759999999999999,-0.809,-0.049,2
3,-2.287,1.809,-1.4980000000000002,1.012,-1.053,1.06,-0.5670000000000001,0.235,-0.091,-0.795,3
4,-2.5980000000000003,1.938,-0.846,1.062,-1.633,0.764,0.3939999999999999,-0.15,0.2769999999999999,-0.396,4
5,-2.852,1.914,-0.755,0.825,-1.588,0.855,0.217,-0.246,0.238,-0.365,5
6,-3.482,2.524,-0.433,1.048,-1.995,0.902,0.322,0.45,0.377,-0.366,6
7,-3.941,2.305,0.124,1.771,-1.815,0.593,-0.435,0.992,0.575,-0.301,7
8,-3.86,2.116,-0.939,0.688,-0.675,1.679,-0.512,0.928,-0.1669999999999999,-0.434,8
9,-3.648,1.812,-1.378,1.578,0.065,1.577,-0.466,0.7020000000000001,0.06,-0.836,9
10,-3.032,1.739,-1.141,0.737,-0.8340000000000001,1.386,-0.575,0.679,-0.018,-0.823,10
11,-3.653,0.373,-0.6,1.705,-0.222,1.765,-0.353,0.537,-0.797,-0.813,0
12,-3.237,0.436,-0.86,1.3630000000000002,-0.251,1.915,-0.395,0.7509999999999999,-0.774,-0.327,1
13,-2.135,0.954,-1.632,0.121,-0.7040000000000001,1.6,-0.628,0.713,-0.903,-0.027,2
15,-2.54,2.144,-1.024,0.933,-1.567,1.024,0.188,-0.047,0.309,-0.633,4
16,-2.826,2.003,-0.738,0.8009999999999999,-1.669,0.939,0.245,-0.257,0.256,-0.4579999999999999,5
17,-3.582,2.374,-0.358,1.162,-1.953,0.621,0.3389999999999999,0.355,0.415,-0.259,6
18,-3.951,2.25,0.127,1.7719999999999998,-1.906,0.5670000000000001,-0.432,1.045,0.598,-0.293,7
19,-3.783,1.974,-1.2,0.606,-0.65,1.504,-0.134,0.528,0.392,-0.58,8
20,-3.673,1.811,-1.405,1.621,0.044,1.5719999999999998,-0.4529999999999999,0.745,-0.066,-0.733,9
21,-2.946,1.649,-1.167,0.7879999999999999,-0.909,1.3,-0.562,0.902,-0.07,-0.8420000000000001,10
22,-3.665,0.337,-0.6409999999999999,1.791,-0.1939999999999999,1.686,-0.359,0.57,-0.6759999999999999,-0.841,0
23,-3.165,0.408,-0.971,1.207,-0.298,1.921,-0.215,0.723,-0.492,-0.425,1
24,-2.105,1.035,-1.705,0.231,-0.5579999999999999,1.554,-0.649,0.71,-0.855,-0.151,2
25,-2.312,1.746,-1.51,1.019,-0.99,0.941,-0.488,0.208,0.033,-0.847,3
26,-2.635,2.147,-1.129,0.911,-1.4069999999999998,1.095,-0.071,0.118,0.139,-0.685,4
28,-3.635,2.25,-0.3939999999999999,1.012,-1.693,0.1169999999999999,0.665,0.281,0.3429999999999999,-0.003,6
29,-3.986,2.325,0.102,1.633,-2.014,0.5760000000000001,-0.344,1.003,0.5660000000000001,-0.245,7
30,-3.712,1.816,-1.171,0.647,-0.767,1.6980000000000002,-0.347,0.92,0.159,-0.359,8
32,-2.859,1.6269999999999998,-1.14,0.769,-0.948,1.39,-0.608,0.956,-0.204,-0.727,10
33,-3.624,0.305,-0.708,1.758,-0.1939999999999999,1.675,-0.273,0.561,-0.5770000000000001,-0.843,0
34,-3.062,0.351,-1.071,1.061,-0.355,1.99,-0.21,0.7959999999999999,-0.358,-0.299,1
35,-2.081,1.05,-1.778,0.411,-0.518,1.46,-0.5760000000000001,0.735,-0.866,-0.172,2
36,-2.289,1.845,-1.616,0.987,-0.8759999999999999,1.044,-0.5489999999999999,0.196,-0.07,-0.8140000000000001,3
37,-2.724,2.067,-1.142,0.923,-1.157,1.17,-0.276,0.172,-0.008,-0.649,4
38,-3.015,2.232,-0.899,0.574,-1.331,0.546,0.61,-0.452,0.035,-0.156,5
39,-3.559,2.126,-0.445,1.053,-1.765,0.349,0.546,0.321,0.4429999999999999,-0.118,6
40,-4.074,2.281,0.152,1.556,-1.6130000000000002,-0.047,0.222,0.252,0.775,0.125,7
41,-3.618,1.5759999999999998,-1.14,0.6990000000000001,-0.741,1.633,-0.387,1.086,0.235,-0.3879999999999999,8
42,-3.687,1.784,-1.5930000000000002,1.6030000000000002,0.123,1.4240000000000002,-0.225,0.441,0.206,-0.7140000000000001,9
43,-2.69,1.652,-1.261,0.674,-0.964,1.449,-0.593,1.005,-0.303,-0.541,10
44,-3.593,0.29,-0.782,1.707,-0.175,1.662,-0.1369999999999999,0.493,-0.492,-0.926,0
46,-2.255,0.902,-1.723,0.4539999999999999,-0.524,1.453,-0.614,0.7609999999999999,-0.885,-0.118,2
47,-2.299,1.848,-1.695,1.065,-0.861,1.047,-0.607,0.313,-0.253,-0.759,3
48,-2.911,1.928,-1.131,0.899,-0.911,1.111,-0.208,-0.047,-0.0289999999999999,-0.539,4
49,-3.089,2.339,-0.973,0.4629999999999999,-1.169,0.5429999999999999,0.598,-0.45,-0.08,-0.039,5
50,-3.459,2.086,-0.595,0.937,-1.841,0.6,0.457,0.4,0.473,-0.211,6
51,-4.208,2.447,0.049,1.331,-2.088,0.585,-0.05,0.82,0.606,-0.302,7
52,-3.543,1.391,-1.22,0.6990000000000001,-0.769,1.579,-0.379,1.158,0.181,-0.178,8
53,-3.684,1.774,-1.7280000000000002,1.611,0.1,1.393,-0.193,0.5539999999999999,0.245,-0.919,9
54,-2.596,1.56,-1.249,0.6559999999999999,-1.095,1.2919999999999998,-0.55,1.006,-0.15,-0.5529999999999999,10
56,-3.1710000000000003,0.49,-1.128,0.911,-0.3879999999999999,2.014,-0.212,0.7070000000000001,-0.551,-0.187,1
57,-2.302,0.85,-1.646,0.455,-0.488,1.491,-0.617,0.8190000000000001,-0.887,-0.08,2
58,-2.3680000000000003,1.727,-1.556,1.162,-0.8190000000000001,0.941,-0.5720000000000001,0.345,-0.2789999999999999,-0.736,3
59,-3.141,1.873,-1.131,0.941,-0.759,1.224,-0.354,0.016,-0.218,-0.568,4
60,-3.065,2.372,-1.002,0.496,-1.295,0.86,0.327,-0.4039999999999999,0.067,-0.155,5
61,-3.4730000000000003,2.178,-0.82,0.706,-1.71,0.779,0.422,0.351,0.426,-0.267,6
62,-4.238,2.437,0.036,1.158,-2.127,0.5539999999999999,0.12,0.823,0.565,-0.293,7
63,-3.5460000000000003,1.258,-1.227,0.823,-0.7020000000000001,1.734,-0.397,1.3330000000000002,-0.2769999999999999,0.013,8
64,-3.869,1.86,-1.646,1.612,0.044,1.531,-0.493,0.862,-0.106,-1.001,9
66,-4.102,0.209,0.414,0.423,0.985,1.4340000000000002,0.6629999999999999,0.036,-0.784,-0.6679999999999999,0
67,-1.372,-0.03,-1.003,-0.3879999999999999,-0.471,1.141,0.654,0.823,0.5579999999999999,0.043,1
68,-1.816,0.4579999999999999,-0.947,-0.341,0.085,0.75,0.144,0.462,-0.24,-0.266,2
69,-1.954,1.595,-1.5930000000000002,0.37,-0.136,0.022,0.034,0.321,-0.19,-0.491,3
70,-2.654,2.39,-0.008,0.07,-1.063,0.304,-0.105,0.281,0.488,-0.382,4
71,-2.321,1.3030000000000002,0.32,-0.085,-0.278,0.001,-0.094,-0.283,0.852,0.022,5
72,-3.141,3.314,-0.996,-0.3939999999999999,-0.19,-0.312,0.1369999999999999,0.631,0.547,-0.247,6
73,-3.941,3.353,0.486,-0.506,-1.12,0.1009999999999999,0.297,0.711,-0.078,0.648,7
74,-4.1610000000000005,2.937,0.157,0.336,-0.968,0.6409999999999999,0.088,0.237,0.565,0.823,8
75,-4.52,2.231,-0.088,0.513,-0.528,1.246,0.198,0.242,0.161,0.769,9
76,-3.088,1.389,0.048,-0.216,-0.3289999999999999,0.91,0.045,-0.075,0.1009999999999999,-0.134,10
78,-1.6569999999999998,0.0559999999999999,-1.044,-0.32,-0.316,1.321,0.638,0.8,0.298,-0.159,1
79,-1.709,0.486,-0.953,-0.346,0.02,0.7859999999999999,0.145,0.564,-0.2289999999999999,-0.322,2
80,-1.952,1.469,-1.375,0.105,-0.154,0.17,-0.047,0.336,-0.098,-0.41,3
81,-2.67,2.696,-0.231,-0.0279999999999999,-1.014,0.486,-0.1369999999999999,0.4479999999999999,0.285,-0.482,4
82,-2.441,1.415,0.386,-0.335,-0.187,-0.079,-0.0,-0.175,0.792,-0.026,5
83,-3.1460000000000004,3.076,-0.6829999999999999,-0.032,-0.693,-0.06,-0.267,0.476,0.982,-0.352,6
84,-3.902,3.5860000000000003,0.3339999999999999,-0.669,-1.087,0.255,0.461,0.812,-0.185,0.535,7
85,-4.267,3.01,0.172,0.0279999999999999,-0.8270000000000001,0.532,0.099,0.326,0.34,0.696,8
86,-4.65,2.455,0.013,0.6809999999999999,-0.8,1.4340000000000002,0.126,0.036,0.382,0.278,9
87,-3.03,1.185,0.314,-0.121,-0.591,0.965,0.353,-0.1369999999999999,-0.221,0.075,10
88,-4.473,0.373,0.858,0.919,0.778,1.272,0.653,-0.216,-0.8909999999999999,-0.627,0
89,-1.856,0.063,-1.011,-0.238,-0.152,1.461,0.5720000000000001,0.775,0.154,-0.31,1
90,-1.976,0.389,-0.947,-0.25,-0.065,0.949,0.127,0.478,-0.3229999999999999,-0.345,2
91,-1.914,1.473,-1.342,-0.013,-0.213,0.253,0.005,0.2289999999999999,-0.009,-0.445,3
92,-2.7,2.83,-0.389,0.032,-0.958,0.44,-0.168,0.519,0.1689999999999999,-0.525,4
93,-2.5540000000000003,1.117,0.42,-0.022,-0.645,0.02,0.145,-0.327,0.66,0.073,5
94,-3.054,3.104,-0.513,-0.085,-0.952,0.299,-0.2689999999999999,0.4589999999999999,0.892,-0.308,6
95,-3.84,3.745,0.121,-0.6559999999999999,-1.0659999999999998,0.3289999999999999,0.7340000000000001,0.875,-0.295,0.418,7
96,-4.323,2.853,0.385,0.209,-1.096,0.431,0.119,0.268,0.131,0.654,8
98,-2.922,1.516,-0.002,-0.353,-0.4639999999999999,1.1840000000000002,0.3829999999999999,-0.175,-0.346,-0.033,10
99,-4.477,0.246,1.087,1.108,0.682,1.057,0.424,-0.264,-1.195,-0.52,0
100,-1.895,-0.012,-0.97,-0.152,-0.161,1.509,0.487,0.809,0.044,-0.264,1
101,-1.945,0.352,-1.053,-0.228,-0.12,0.927,0.088,0.509,-0.2789999999999999,-0.246,2
102,-1.912,1.554,-1.455,-0.017,-0.118,0.27,-0.037,0.163,-0.027,-0.474,3
103,-2.724,2.998,-0.56,-0.077,-0.944,0.5479999999999999,-0.08,0.4,0.144,-0.63,4
104,-2.385,1.241,0.272,-0.04,-0.6920000000000001,0.16,-0.061,-0.1889999999999999,0.7440000000000001,0.088,5
105,-3.092,3.014,-0.307,-0.016,-0.956,0.195,-0.2269999999999999,0.367,0.958,-0.092,6
106,-3.917,3.4960000000000004,0.409,-0.531,-1.15,0.017,0.605,0.977,-0.3279999999999999,0.447,7
107,-4.232,3.035,0.428,0.497,-1.374,0.5489999999999999,0.133,0.2319999999999999,0.129,0.487,8
109,-2.945,1.724,-0.312,-0.239,-0.447,1.36,0.0139999999999999,-0.102,0.021,-0.564,10
110,-4.314,-0.106,1.044,1.192,0.687,0.763,0.158,-0.193,-1.342,-0.447,0
111,-2.05,0.065,-0.938,-0.037,0.0819999999999999,1.561,0.3929999999999999,0.835,-0.0289999999999999,-0.3939999999999999,1
112,-1.804,0.431,-1.0,-0.427,-0.094,0.848,0.084,0.636,-0.275,-0.214,2
113,-1.978,1.5419999999999998,-1.487,-0.096,-0.025,0.32,-0.063,0.0969999999999999,-0.073,-0.381,3
114,-2.748,3.217,-0.976,-0.213,-0.792,0.7709999999999999,-0.032,0.223,0.043,-0.825,4
115,-2.351,1.53,0.086,-0.075,-0.426,0.125,-0.1969999999999999,0.033,0.848,-0.038,5
116,-3.105,2.9160000000000004,-0.207,0.031,-0.897,0.021,-0.2289999999999999,0.256,1.073,-0.065,6
117,-3.985,3.614,0.584,-0.42,-1.105,-0.174,0.348,0.885,-0.165,0.65,7
118,-4.16,3.329,0.275,0.3939999999999999,-1.287,0.693,0.483,0.121,0.286,0.153,8
119,-4.88,3.064,0.06,0.434,-0.575,0.897,0.25,0.085,0.093,0.445,9
120,-3.082,1.633,-0.118,-0.147,-0.484,1.176,-0.086,-0.072,0.086,-0.564,10
121,-4.158,-0.342,0.9,1.09,0.56,0.955,0.395,-0.3279999999999999,-1.52,-0.498,0
123,-1.672,0.3279999999999999,-0.833,-0.5770000000000001,-0.363,0.84,0.18,0.682,-0.124,-0.109,2
124,-2.051,1.508,-1.641,-0.0579999999999999,-0.102,0.346,-0.021,0.109,-0.147,-0.298,3
125,-2.7880000000000003,3.194,-1.142,-0.313,-0.58,0.357,0.281,0.0819999999999999,0.109,-0.858,4
126,-2.489,1.773,-0.18,-0.152,-0.353,0.133,-0.186,0.207,0.7879999999999999,-0.285,5
127,-3.065,3.139,-0.461,-0.221,-0.759,-0.045,0.068,0.2739999999999999,0.999,-0.331,6
128,-3.963,3.938,0.466,-0.564,-1.042,-0.064,0.241,0.888,-0.032,0.7979999999999999,7
129,-4.136,3.582,-0.407,-0.038,-0.687,1.031,0.491,0.157,0.305,0.0279999999999999,8
130,-4.944,3.325,0.015,0.079,-0.593,1.047,0.337,0.296,-0.4529999999999999,0.371,9
131,-3.0580000000000003,1.6780000000000002,-0.351,-0.255,0.038,0.6920000000000001,-0.173,0.226,0.2019999999999999,-0.593,10
132,-1.202,-0.253,-2.487,0.809,-0.367,2.169,0.32,1.034,-1.385,-0.706,0
133,-1.077,0.511,-2.006,0.305,-0.584,1.962,0.089,1.406,-0.669,-0.027,1
134,-1.768,0.7859999999999999,-1.4680000000000002,1.077,-0.347,1.704,-0.171,1.0759999999999998,-0.691,-0.06,2
135,-1.737,1.789,-1.046,1.071,-0.775,1.041,-0.025,0.925,-0.452,0.0069999999999999,3
136,-2.432,2.126,-0.218,1.422,-1.169,0.41,-0.3929999999999999,1.3259999999999998,-0.067,0.225,4
137,-2.125,1.952,-0.415,1.4580000000000002,-0.985,0.52,-0.344,1.249,-0.37,0.145,5
138,-2.607,2.406,-0.088,1.586,-1.477,0.1639999999999999,-0.527,1.551,0.033,0.522,6
139,-3.813,3.705,-0.157,1.561,-1.503,-0.366,-0.581,1.412,0.29,-0.099,7
140,-3.05,1.6,-0.6859999999999999,1.543,-1.149,-0.043,0.297,0.727,0.598,0.4579999999999999,8
141,-3.972,2.279,-0.62,0.954,-1.09,0.7190000000000001,0.7170000000000001,0.3,1.3090000000000002,0.171,9
143,-1.298,-0.295,-2.4330000000000003,0.955,-0.278,2.252,0.285,0.915,-1.569,-0.562,0
144,-1.012,0.516,-2.041,0.32,-0.634,1.969,0.0409999999999999,1.414,-0.687,0.047,1
145,-1.501,0.847,-1.619,0.92,-0.488,1.616,-0.161,1.127,-0.613,-0.051,2
146,-1.6740000000000002,1.711,-1.04,1.136,-0.8690000000000001,1.036,-0.157,0.946,-0.361,0.02,3
147,-2.3080000000000003,2.023,-0.203,1.493,-1.223,0.379,-0.481,1.403,-0.045,0.402,4
148,-2.155,2.027,-0.3929999999999999,1.354,-1.045,0.6459999999999999,-0.246,1.279,-0.396,0.177,5
149,-2.652,2.156,-0.053,1.694,-1.258,0.062,-0.61,1.3969999999999998,0.133,0.602,6
150,-3.834,3.749,-0.183,1.518,-1.585,-0.281,-0.3339999999999999,1.1909999999999998,0.425,-0.104,7
151,-3.33,1.529,-0.552,2.023,-0.845,0.016,0.049,0.512,0.396,0.386,8
152,-4.17,2.232,-0.389,1.211,-1.011,0.57,0.5429999999999999,0.218,1.206,0.044,9
153,-2.867,1.391,-0.8170000000000001,1.595,-0.883,1.143,-0.427,1.159,0.17,-0.456,10
154,-1.393,-0.305,-2.29,1.1,-0.254,2.327,0.363,0.795,-1.521,-0.7559999999999999,0
155,-0.941,0.539,-2.02,0.314,-0.679,1.897,0.0279999999999999,1.504,-0.632,0.111,1
156,-1.332,0.848,-1.665,0.97,-0.4629999999999999,1.5219999999999998,-0.159,1.101,-0.541,-0.05,2
157,-1.57,1.655,-1.04,1.16,-0.923,0.961,-0.231,0.955,-0.273,0.065,3
158,-2.227,1.993,-0.156,1.554,-1.19,0.332,-0.5479999999999999,1.362,-0.013,0.369,4
159,-2.043,1.95,-0.435,1.341,-1.0490000000000002,0.5579999999999999,-0.237,1.237,-0.283,0.306,5
160,-2.679,1.731,-0.09,2.003,-1.009,0.038,-0.8220000000000001,1.232,0.128,0.72,6
161,-3.836,3.699,-0.225,1.52,-1.729,-0.184,0.064,0.97,0.5,-0.13,7
162,-3.478,1.703,-0.557,2.191,-1.043,0.3389999999999999,-0.004,0.5870000000000001,0.45,0.006,8
163,-4.333,2.438,-0.2189999999999999,1.372,-0.7609999999999999,0.306,0.594,-0.022,1.103,0.19,9
164,-2.704,1.285,-0.908,1.57,-0.84,1.044,-0.3989999999999999,0.951,0.345,-0.695,10
165,-1.4169999999999998,-0.319,-2.254,1.072,-0.221,2.268,0.43,0.923,-1.486,-0.698,0
166,-0.961,0.514,-1.951,0.364,-0.68,1.895,0.047,1.539,-0.63,0.094,1
167,-1.22,0.831,-1.6740000000000002,0.94,-0.425,1.463,-0.063,1.135,-0.422,0.06,2
168,-1.501,1.611,-1.003,1.156,-0.883,0.901,-0.1689999999999999,0.862,-0.151,0.1639999999999999,3
169,-2.176,1.952,-0.144,1.659,-1.128,0.28,-0.6579999999999999,1.346,0.008,0.505,4
170,-1.891,1.776,-0.518,1.461,-1.05,0.5670000000000001,-0.307,1.152,-0.239,0.325,5
171,-2.624,1.653,-0.156,2.023,-1.052,0.086,-0.752,1.341,0.196,0.71,6
172,-3.763,3.252,-0.262,1.52,-1.6840000000000002,-0.225,0.235,0.989,0.616,0.046,7
173,-3.549,1.905,-0.509,1.963,-1.2,0.847,-0.157,0.8420000000000001,0.625,-0.586,8
174,-4.373,2.463,-0.171,1.501,-0.639,0.292,0.518,-0.114,1.127,0.332,9
176,-1.384,-0.321,-2.266,0.937,-0.289,2.29,0.4629999999999999,1.096,-1.436,-0.701,0
177,-1.123,0.415,-1.954,0.563,-0.465,1.983,0.027,1.614,-0.568,0.0069999999999999,1
178,-1.28,0.7979999999999999,-1.6469999999999998,0.968,-0.418,1.609,-0.031,1.224,-0.374,0.044,2
179,-1.475,1.557,-1.009,1.202,-0.846,0.883,-0.138,0.8220000000000001,-0.165,0.198,3
180,-2.205,1.804,-0.1989999999999999,1.773,-1.089,0.312,-0.621,1.247,0.1369999999999999,0.406,4
181,-1.824,1.682,-0.669,1.483,-1.036,0.711,-0.249,1.193,-0.2739999999999999,0.2239999999999999,5
182,-2.574,1.814,-0.1669999999999999,1.826,-1.156,0.12,-0.609,1.543,0.11,0.75,6
183,-3.693,3.067,-0.273,1.619,-1.905,0.045,0.006,1.347,0.346,0.36,7
184,-3.545,1.926,-0.512,1.732,-1.109,1.006,0.021,0.82,0.731,-0.639,8
185,-4.386,2.271,-0.157,1.536,-0.614,0.23,0.57,-0.1169999999999999,1.074,0.397,9
186,-2.53,1.492,-0.936,1.21,-1.154,1.3159999999999998,-0.267,1.149,0.226,-0.77,10
187,-1.215,-0.288,-2.423,0.8340000000000001,-0.379,2.266,0.503,1.337,-1.36,-0.682,0
188,-1.4,0.316,-1.894,0.83,-0.242,2.0380000000000003,0.003,1.6669999999999998,-0.515,-0.087,1
189,-1.494,0.6629999999999999,-1.58,1.1909999999999998,-0.252,1.777,-0.072,1.189,-0.409,0.09,2
190,-1.5119999999999998,1.492,-1.053,1.262,-0.809,0.941,-0.122,0.807,-0.206,0.145,3
191,-2.274,1.653,-0.226,1.857,-0.971,0.327,-0.605,1.121,0.121,0.291,4
192,-1.804,1.556,-0.8029999999999999,1.388,-0.989,0.7509999999999999,-0.0289999999999999,0.963,-0.228,0.297,5
193,-2.447,1.914,-0.208,1.641,-1.159,0.104,-0.539,1.58,0.0579999999999999,0.7859999999999999,6
194,-3.675,3.132,-0.241,1.587,-1.75,-0.222,0.039,1.052,0.545,0.233,7
195,-3.425,1.724,-0.638,1.5730000000000002,-1.041,1.204,-0.124,1.258,0.5479999999999999,-0.507,8
197,-2.52,1.52,-0.959,1.296,-1.103,1.149,-0.268,1.249,0.092,-0.682,10
198,-1.548,-0.4,-1.659,0.244,-0.1009999999999999,1.5619999999999998,0.551,1.248,0.129,-0.456,0
199,-1.614,0.287,-1.195,-0.252,-0.257,1.251,0.281,0.898,0.188,-0.423,1
200,-1.891,0.988,-1.06,0.119,0.59,0.263,0.372,0.39,-0.376,-0.655,2
201,-2.03,1.764,-0.386,-0.249,0.18,0.1169999999999999,0.096,-0.121,0.067,-0.552,3
202,-2.55,2.629,0.084,-0.159,-0.882,0.093,-0.19,0.961,0.032,-0.589,4
203,-2.464,1.968,0.026,0.078,-0.542,0.074,0.051,0.596,0.26,-0.437,5
204,-3.193,2.026,0.83,0.813,-1.205,0.036,-0.95,0.7859999999999999,1.045,0.21,6
205,-3.5660000000000003,1.504,0.94,1.829,-1.224,0.178,-1.454,0.92,0.767,1.0590000000000002,7
206,-3.299,1.73,0.187,0.121,-1.251,0.7959999999999999,-0.366,1.091,0.493,0.436,8
207,-3.6010000000000004,0.742,-0.238,0.332,-0.561,1.275,-0.0139999999999999,0.8440000000000001,0.5579999999999999,0.659,9
208,-2.439,0.789,0.0819999999999999,0.242,-0.693,0.595,-0.353,0.7020000000000001,0.413,0.098,10
209,-1.507,-0.457,-1.7280000000000002,0.256,-0.081,1.571,0.556,1.291,0.121,-0.456,0
210,-1.425,0.256,-1.13,-0.284,-0.3939999999999999,1.253,0.306,0.893,0.272,-0.3779999999999999,1
211,-1.814,0.923,-0.931,0.12,0.425,0.5539999999999999,0.237,0.426,-0.184,-0.727,2
212,-2.007,1.814,-0.581,-0.027,0.127,0.081,0.089,-0.016,0.115,-0.7190000000000001,3
213,-2.559,2.3,0.408,-0.001,-1.077,0.125,-0.254,0.975,0.07,-0.47,4
216,-3.565,1.3630000000000002,0.958,1.976,-1.268,0.091,-1.3630000000000002,0.72,0.738,1.145,7
217,-3.198,1.3730000000000002,0.392,0.423,-1.203,0.6559999999999999,-0.428,0.994,0.5760000000000001,0.865,8
218,-3.772,0.904,-0.195,0.317,-0.473,1.31,-0.043,0.898,0.536,0.503,9
219,-2.434,0.87,0.127,0.2239999999999999,-0.8109999999999999,0.6659999999999999,-0.233,0.705,0.408,0.136,10
220,-1.656,-0.496,-1.719,0.363,-0.002,1.6369999999999998,0.535,1.319,-0.012,-0.49,0
221,-1.388,0.215,-1.105,-0.295,-0.39,1.2819999999999998,0.356,0.816,0.292,-0.376,1
222,-1.764,0.888,-1.001,0.1969999999999999,0.3,0.66,0.159,0.557,-0.301,-0.65,2
223,-2.026,1.75,-0.526,-0.131,0.266,-0.055,0.084,0.063,0.047,-0.691,3
224,-2.531,1.802,0.7390000000000001,0.236,-1.169,-0.069,-0.349,0.903,0.123,-0.119,4
225,-2.375,1.642,0.308,0.255,-0.82,0.225,-0.092,0.8740000000000001,0.367,-0.525,5
226,-3.179,1.346,0.988,1.32,-0.852,-0.008,-1.234,0.347,1.02,0.7709999999999999,6
227,-3.57,1.366,0.97,1.957,-1.262,0.002,-1.275,0.585,0.754,0.993,7
228,-3.169,1.041,0.509,0.693,-1.185,0.6729999999999999,-0.352,0.877,0.434,1.009,8
229,-4.066,1.05,-0.049,0.4579999999999999,-0.357,1.331,-0.129,0.848,0.509,0.317,9
230,-2.483,0.81,0.185,0.284,-0.917,0.73,-0.111,0.613,0.373,0.184,10
232,-1.45,0.1989999999999999,-1.127,-0.281,-0.372,1.287,0.369,0.855,0.303,-0.385,1
233,-1.79,0.7929999999999999,-1.041,0.214,0.215,0.6940000000000001,0.121,0.583,-0.4029999999999999,-0.487,2
234,-2.089,1.695,-0.528,-0.2319999999999999,0.385,-0.1369999999999999,0.033,0.071,0.033,-0.7440000000000001,3
235,-2.475,1.4980000000000002,0.8640000000000001,0.397,-1.17,-0.2339999999999999,-0.3879999999999999,0.825,0.16,0.057,4
237,-3.062,1.008,0.935,1.443,-0.579,0.068,-1.3330000000000002,0.106,0.958,0.979,6
238,-3.576,1.357,0.912,1.878,-1.166,0.039,-1.537,0.6579999999999999,0.843,1.087,7
239,-3.155,1.021,0.455,0.624,-1.306,0.8420000000000001,-0.123,0.909,0.3279999999999999,0.8759999999999999,8
240,-4.316,1.147,0.088,0.593,-0.314,1.3159999999999998,-0.255,0.7609999999999999,0.492,0.133,9
241,-2.608,0.8390000000000001,0.203,0.305,-0.851,0.78,-0.143,0.607,0.344,0.106,10
242,-1.953,-0.596,-1.543,0.619,0.0559999999999999,1.742,0.5920000000000001,1.289,-0.163,-0.523,0
243,-1.495,0.1169999999999999,-1.134,-0.249,-0.37,1.286,0.348,0.8540000000000001,0.313,-0.376,1
244,-1.921,0.7190000000000001,-0.95,0.299,0.222,0.7859999999999999,0.128,0.588,-0.462,-0.491,2
245,-2.052,1.483,-0.488,0.0409999999999999,-0.131,0.273,-0.1119999999999999,-0.064,0.307,-0.8,3
246,-2.507,1.528,0.852,0.331,-1.231,-0.259,-0.265,0.856,0.07,0.069,4
247,-2.291,1.146,0.352,0.354,-0.7140000000000001,0.08,-0.181,0.787,0.7090000000000001,-0.409,5
248,-2.9330000000000003,0.7170000000000001,0.8290000000000001,1.508,-0.517,0.069,-1.163,0.021,0.866,1.0659999999999998,6
250,-3.145,0.863,0.416,0.6990000000000001,-1.378,0.892,0.02,0.89,0.221,0.8340000000000001,8
253,-2.0580000000000003,-0.61,-1.497,0.696,0.072,1.802,0.626,1.3030000000000002,-0.192,-0.5379999999999999,0
254,-1.537,0.043,-1.125,-0.213,-0.3779999999999999,1.265,0.33,0.87,0.293,-0.3929999999999999,1
256,-2.076,1.413,-0.584,0.19,-0.35,0.518,-0.406,0.313,0.027,-0.7240000000000001,3
257,-2.5540000000000003,1.5319999999999998,0.812,0.367,-1.208,-0.352,-0.252,0.894,0.05,0.084,4
258,-2.343,0.7879999999999999,0.373,0.492,-0.667,0.2789999999999999,-0.24,0.8270000000000001,0.589,-0.267,5
259,-2.834,0.654,0.733,1.4340000000000002,-0.716,-0.0279999999999999,-0.841,0.239,0.92,0.885,6
260,-3.482,1.127,0.899,1.993,-1.385,-0.05,-1.273,0.647,0.8440000000000001,1.044,7
261,-3.2460000000000004,0.7120000000000001,0.39,0.82,-1.352,1.074,0.1969999999999999,0.857,-0.0559999999999999,0.485,8
263,-2.804,1.021,0.254,0.331,-0.654,0.8540000000000001,-0.085,0.6779999999999999,0.259,-0.031,10
264,-3.034,-1.274,0.263,1.521,0.66,1.622,-0.361,-0.4679999999999999,-0.74,0.517,0
265,-3.1180000000000003,0.356,0.377,1.4469999999999998,0.868,0.407,-0.915,-0.546,-0.637,0.1689999999999999,1
266,-2.611,0.434,0.231,1.3430000000000002,0.3229999999999999,-0.3779999999999999,-0.618,-0.2189999999999999,-0.285,0.347,2
267,-1.5659999999999998,0.93,-0.181,-0.155,-0.1639999999999999,-0.2769999999999999,0.144,-0.047,-0.6940000000000001,0.282,3
268,-2.758,2.067,-0.31,-0.5429999999999999,-0.687,0.091,0.8809999999999999,0.172,-0.4539999999999999,-0.093,4
269,-2.497,1.607,-0.621,-0.446,-0.226,-0.152,1.16,0.122,-0.809,0.495,5
270,-3.533,2.319,1.085,0.247,-1.053,-0.429,-0.026,1.305,-0.243,-0.6709999999999999,6
271,-3.893,3.69,0.079,-0.151,-1.093,-0.518,0.198,1.5830000000000002,-0.257,-0.1689999999999999,7
273,-4.16,2.814,0.557,0.604,0.584,0.477,-0.272,0.784,-0.999,-0.7809999999999999,9
274,-2.91,0.918,-0.138,-0.382,0.115,0.29,0.418,0.757,-0.898,-0.1889999999999999,10
275,-3.162,-1.137,0.3,1.44,0.688,1.645,-0.447,-0.518,-0.52,0.6409999999999999,0
276,-3.224,0.487,0.8220000000000001,1.324,0.753,0.352,-0.976,-0.562,-0.489,0.172,1
277,-2.681,0.531,0.252,1.239,0.469,-0.3389999999999999,-0.652,-0.417,-0.246,0.412,2
279,-2.861,2.091,-0.411,-0.4379999999999999,-0.643,0.317,0.8170000000000001,0.104,-0.481,-0.252,4
280,-2.445,1.503,-0.677,-0.46,-0.14,-0.002,1.014,0.061,-0.599,0.175,5
281,-3.406,2.403,1.025,0.108,-1.1,-0.316,0.099,1.541,-0.304,-0.6709999999999999,6
282,-3.958,3.922,0.15,-0.265,-1.2009999999999998,-0.249,0.2019999999999999,1.163,-0.049,-0.039,7
284,-4.188,2.637,0.502,0.552,0.735,0.395,-0.026,0.8029999999999999,-0.8740000000000001,-0.913,9
285,-2.923,0.919,-0.231,-0.307,0.075,0.265,0.4029999999999999,0.691,-1.012,-0.157,10
286,-3.39,-0.956,0.476,1.547,0.6579999999999999,1.504,-0.65,-0.604,-0.295,0.616,0
287,-3.128,0.28,0.955,1.264,0.753,0.437,-0.841,-0.517,-0.473,0.0,1
288,-2.689,0.528,0.157,1.501,0.349,-0.412,-0.49,-0.512,-0.2769999999999999,0.422,2
289,-1.693,0.807,-0.038,-0.051,-0.174,-0.372,0.1169999999999999,0.053,-0.611,0.3,3
290,-2.927,2.202,-0.532,-0.486,-0.519,0.585,0.813,-0.133,-0.475,-0.349,4
291,-2.555,1.421,-0.8,-0.233,-0.078,0.244,0.7709999999999999,-0.1119999999999999,-0.7070000000000001,0.165,5
292,-3.439,2.7110000000000003,1.067,0.0289999999999999,-1.12,-0.212,0.062,1.44,-0.353,-0.42,6
293,-4.067,3.908,-0.065,-0.3779999999999999,-1.163,0.065,0.508,1.003,0.03,-0.187,7
294,-4.0680000000000005,2.5660000000000003,-0.068,-0.152,0.126,0.5479999999999999,0.4529999999999999,0.5770000000000001,-0.5429999999999999,-0.8959999999999999,8
295,-4.314,2.322,0.58,0.2789999999999999,0.7020000000000001,0.532,-0.068,0.8140000000000001,-0.917,-1.109,9
296,-3.02,1.033,-0.238,-0.286,0.088,0.235,0.372,0.563,-1.027,-0.151,10
297,-3.485,-0.86,0.5820000000000001,1.501,0.578,1.48,-0.6629999999999999,-0.602,-0.318,0.575,0
300,-1.611,0.831,-0.0559999999999999,-0.048,-0.044,-0.423,0.289,-0.092,-0.633,0.221,3
301,-2.939,2.157,-0.451,-0.209,-0.88,0.6970000000000001,0.823,-0.035,-0.7440000000000001,-0.193,4
302,-2.842,1.3430000000000002,-0.713,0.003,0.126,0.411,0.5379999999999999,-0.077,-0.995,0.092,5
303,-3.587,3.128,0.885,-0.188,-1.164,-0.215,0.051,1.344,-0.6409999999999999,-0.253,6
305,-4.087,2.555,0.123,-0.151,0.118,0.474,0.365,0.495,-0.473,-0.8859999999999999,8
306,-4.442,2.607,0.596,0.191,0.636,0.679,-0.14,0.774,-0.828,-1.122,9
307,-2.9760000000000004,1.033,-0.222,-0.099,0.081,0.052,0.479,0.517,-1.105,-0.125,10
309,-3.278,0.324,1.047,1.152,0.725,0.168,-0.8390000000000001,-0.381,-0.687,0.013,1
310,-3.249,1.042,0.589,1.408,0.023,-0.821,-0.581,0.031,0.068,0.325,2
311,-1.596,0.885,-0.1989999999999999,0.1989999999999999,-0.115,-0.474,0.428,-0.113,-0.61,0.131,3
312,-2.986,2.072,-0.311,-0.083,-0.878,0.449,0.916,0.0819999999999999,-0.905,-0.109,4
313,-3.003,1.163,-0.45,0.3279999999999999,0.0969999999999999,0.574,0.427,-0.017,-1.146,-0.06,5
314,-3.682,3.672,0.0409999999999999,-0.508,-0.905,0.0279999999999999,0.492,0.654,-0.722,-0.318,6
315,-4.21,3.869,0.1639999999999999,-0.047,-1.251,-0.102,0.276,0.919,0.091,-0.159,7
316,-4.129,2.6860000000000004,0.308,-0.125,0.1169999999999999,0.3929999999999999,0.1989999999999999,0.308,-0.478,-0.909,8
317,-4.497,3.018,0.609,0.115,0.6729999999999999,0.7090000000000001,-0.03,0.861,-0.7040000000000001,-1.038,9
318,-2.846,1.01,-0.2189999999999999,-0.083,0.091,0.076,0.442,0.509,-1.181,-0.021,10
320,-3.543,0.624,0.674,1.413,0.653,-0.445,-0.8029999999999999,-0.256,-0.65,0.423,1
321,-3.293,0.93,0.522,1.48,0.249,-0.6609999999999999,-0.643,-0.094,-0.132,0.198,2
322,-1.7080000000000002,0.944,-0.14,0.151,-0.092,-0.481,0.22,0.034,-0.6920000000000001,0.19,3
323,-2.942,2.091,-0.353,-0.364,-0.61,0.401,0.8640000000000001,0.191,-0.764,-0.235,4
324,-3.253,1.025,-0.286,0.713,-0.036,0.539,0.476,-0.1159999999999999,-0.945,-0.108,5
325,-3.661,3.266,-0.1169999999999999,-0.237,-0.755,0.092,0.6859999999999999,0.381,-0.58,-0.687,6
326,-4.216,3.638,0.192,-0.023,-1.231,-0.32,0.128,1.03,0.061,-0.179,7
327,-4.077,2.542,0.039,0.0819999999999999,0.218,0.3929999999999999,0.324,0.3989999999999999,-0.6579999999999999,-0.964,8
328,-4.544,3.0460000000000003,1.028,-0.016,0.447,0.884,-0.094,0.885,-0.4589999999999999,-1.099,9
329,-2.7110000000000003,0.971,-0.023,0.053,0.1009999999999999,-0.148,0.382,0.476,-1.05,-0.256,10
330,-3.322,-0.303,-0.5,0.963,0.921,0.981,1.0590000000000002,-1.079,-1.004,0.1119999999999999,0
331,-3.844,1.056,-0.19,1.685,0.617,1.245,-0.8109999999999999,-0.506,-1.128,0.076,1
332,-2.665,0.772,-1.009,1.307,0.287,0.855,-0.466,-0.19,-0.721,0.407,2
333,-2.4930000000000003,1.382,-0.929,0.465,-0.369,0.002,0.187,-0.696,-0.31,0.348,3
334,-2.905,2.311,-0.6579999999999999,0.022,-1.121,0.25,0.467,0.484,-0.157,-0.6759999999999999,4
335,-2.685,1.971,-0.857,0.033,-0.638,0.484,0.143,0.159,-0.218,-0.3429999999999999,5
336,-3.389,2.762,-0.71,-0.026,-0.6409999999999999,0.1119999999999999,0.775,0.4429999999999999,-0.11,-0.979,6
337,-4.243,3.354,-0.415,0.898,-1.027,-0.281,0.5760000000000001,0.48,0.564,-0.085,7
338,-3.741,2.7,-1.5930000000000002,0.782,-0.298,1.378,0.184,1.4580000000000002,-0.134,-1.297,8
339,-4.694,3.229,-1.153,0.7020000000000001,0.452,0.298,0.4539999999999999,0.001,-0.264,-1.399,9
340,-3.012,1.628,-0.8340000000000001,0.975,-0.299,0.926,0.174,0.836,-0.239,-1.144,10
341,-3.268,-0.079,-0.693,0.763,1.043,1.194,0.892,-1.293,-1.033,0.1989999999999999,0
343,-2.693,0.7709999999999999,-0.87,1.341,0.317,0.925,-0.3279999999999999,-0.1689999999999999,-0.936,0.3989999999999999,2
344,-2.515,1.34,-0.84,0.511,-0.492,0.098,0.047,-0.68,-0.283,0.168,3
345,-2.882,2.165,-0.589,0.173,-1.165,0.0139999999999999,0.5710000000000001,0.502,-0.093,-0.616,4
346,-2.591,1.809,-0.659,-0.016,-0.6729999999999999,0.588,0.084,0.182,-0.094,-0.372,5
347,-3.354,2.85,-0.887,0.01,-0.551,0.293,0.901,0.32,-0.302,-1.023,6
348,-4.228,3.111,-0.38,1.16,-1.188,-0.362,0.516,0.507,0.669,-0.074,7
349,-3.901,2.485,-0.95,0.7020000000000001,-0.47,1.146,-0.109,1.597,0.146,-1.197,8
351,-3.0,1.524,-0.866,1.015,-0.4,0.861,0.174,0.938,-0.216,-1.01,10
352,-3.347,-0.159,-0.414,0.922,0.973,0.978,0.929,-1.211,-1.268,0.278,0
353,-3.518,0.716,-0.365,1.788,0.584,1.6780000000000002,-0.109,-0.016,-1.501,0.002,1
354,-2.875,0.868,-0.728,1.439,0.355,0.846,-0.3779999999999999,-0.233,-1.072,0.505,2
355,-2.612,1.403,-0.87,0.47,-0.4479999999999999,0.172,-0.06,-0.6559999999999999,-0.3339999999999999,0.087,3
356,-2.859,2.255,-0.6759999999999999,0.098,-1.086,0.0409999999999999,0.732,0.305,-0.141,-0.636,4
357,-2.497,1.692,-0.607,0.02,-0.71,0.612,0.093,0.272,-0.06,-0.507,5
358,-3.236,2.745,-0.8059999999999999,-0.2,-0.386,0.358,0.889,0.516,-0.297,-1.075,6
359,-4.188,3.229,-0.456,1.077,-1.385,-0.104,0.4589999999999999,0.5579999999999999,0.701,-0.32,7
360,-3.775,2.188,-1.017,0.687,-0.4639999999999999,1.189,-0.157,1.673,-0.024,-1.144,8
361,-4.744,3.385,-0.8859999999999999,0.5710000000000001,0.235,0.183,0.357,0.04,0.203,-1.68,9
363,-3.594,-0.1369999999999999,-0.0279999999999999,1.018,1.069,0.723,0.695,-0.982,-1.433,0.249,0
364,-3.426,0.584,-0.469,1.776,0.5660000000000001,1.686,0.07,0.081,-1.483,-0.141,1
365,-3.0860000000000003,1.01,-0.627,1.508,0.3379999999999999,0.747,-0.479,-0.3229999999999999,-1.087,0.645,2
366,-2.75,1.475,-0.848,0.364,-0.275,0.02,-0.003,-0.782,-0.291,0.1669999999999999,3
368,-2.511,1.511,-0.555,0.226,-0.735,0.631,-0.006,0.52,-0.138,-0.6509999999999999,5
369,-3.124,2.733,-0.857,-0.3339999999999999,-0.312,0.5870000000000001,0.8490000000000001,0.475,-0.174,-0.899,6
370,-4.175,3.32,-0.446,0.988,-1.48,0.133,0.507,0.605,0.691,-0.462,7
371,-3.777,2.064,-0.983,0.846,-0.373,0.96,-0.04,1.331,0.247,-1.09,8
372,-4.788,3.632,-0.71,0.3,0.366,-0.121,0.4029999999999999,-0.016,0.124,-1.32,9
373,-3.006,1.4069999999999998,-0.875,0.945,-0.495,0.721,0.212,0.75,-0.037,-1.054,10
374,-3.781,-0.011,0.102,1.115,1.036,0.6509999999999999,0.615,-1.082,-1.272,0.05,0
375,-3.394,0.557,-0.573,1.704,0.608,1.644,0.109,0.2,-1.507,-0.225,1
376,-3.091,0.935,-0.574,1.36,0.416,0.764,-0.48,-0.144,-1.295,0.696,2
377,-2.85,1.446,-0.792,0.482,-0.365,0.046,-0.0289999999999999,-0.7609999999999999,-0.251,0.113,3
378,-2.884,2.424,-0.764,-0.108,-1.015,0.361,0.7120000000000001,0.133,-0.017,-0.847,4
379,-2.656,1.263,-0.527,0.4639999999999999,-0.612,0.6679999999999999,-0.16,0.857,-0.416,-0.596,5
380,-3.2460000000000004,2.7960000000000003,-0.867,-0.205,-0.316,0.8079999999999999,0.8240000000000001,0.062,-0.118,-0.7490000000000001,6
381,-4.172,3.188,-0.375,1.028,-1.41,0.008,0.513,0.635,0.802,-0.28,7
382,-3.862,1.801,-0.7170000000000001,1.133,-0.23,0.922,-0.223,1.264,0.1939999999999999,-0.935,8
383,-4.836,3.871,-0.684,0.182,0.349,-0.176,0.317,0.059,-0.024,-1.13,9
384,-2.9730000000000003,1.304,-0.8490000000000001,0.984,-0.508,0.59,0.248,0.728,0.073,-1.107,10
385,-3.858,0.115,0.05,1.17,0.975,0.703,0.585,-1.1909999999999998,-1.172,-0.076,0
386,-3.404,0.506,-0.591,1.6269999999999998,0.66,1.456,0.068,0.381,-1.494,-0.4529999999999999,1
387,-2.952,0.777,-0.74,1.311,0.424,0.853,-0.319,-0.0819999999999999,-1.456,0.616,2
388,-3.005,1.472,-0.716,0.535,-0.392,0.054,-0.054,-0.6859999999999999,-0.29,0.153,3
390,-2.906,1.102,-0.491,0.575,-0.386,0.7709999999999999,-0.134,0.977,-0.54,-0.604,5
391,-3.462,2.648,-0.447,-0.0,-0.416,0.767,0.569,-0.072,-0.08,-0.7979999999999999,6
392,-4.0760000000000005,3.3360000000000003,-0.688,0.677,-1.472,0.461,0.682,0.7240000000000001,0.7170000000000001,-0.409,7
393,-3.846,1.426,-0.607,1.4340000000000002,-0.072,1.13,-0.535,1.159,-0.123,-0.385,8
394,-4.885,3.967,-0.948,0.373,0.255,-0.121,0.43,-0.013,0.018,-1.518,9
395,-2.98,1.29,-0.8420000000000001,0.955,-0.491,0.5720000000000001,0.267,0.6920000000000001,0.084,-1.1,10
396,-3.208,-0.608,-0.516,1.098,1.529,1.069,0.186,-0.947,-0.248,-0.059,0
397,-2.569,-0.11,-0.841,0.732,1.112,0.961,-0.075,0.148,-0.893,0.314,1
398,-2.21,0.6609999999999999,-0.581,1.139,0.238,0.074,-0.625,-0.366,-0.326,0.557,2
399,-1.885,2.214,-0.6729999999999999,0.147,-0.148,-0.4,0.252,-0.098,-0.8740000000000001,0.245,3
400,-2.488,2.822,-0.239,-0.33,-1.355,0.284,0.1009999999999999,0.934,-0.966,-0.31,4
401,-2.335,2.8960000000000004,-0.295,-0.42,-0.645,0.351,0.12,0.447,-1.126,0.11,5
402,-2.715,2.325,0.701,0.239,-1.426,-0.218,-0.317,1.516,-0.162,-0.703,6
404,-3.984,2.29,-0.103,-0.7070000000000001,0.297,0.317,0.857,1.403,-1.253,-0.298,8
405,-4.964,2.78,0.474,0.047,0.417,-0.3279999999999999,0.3339999999999999,0.474,-1.26,-0.221,9
406,-2.528,1.288,-0.144,-0.171,-0.077,0.26,-0.045,0.6809999999999999,-1.399,-0.066,10
407,-3.431,-0.5,-0.362,1.173,1.59,0.956,0.162,-0.853,-0.364,0.084,0
408,-2.659,-0.1009999999999999,-0.687,0.6970000000000001,1.081,1.045,-0.149,0.184,-0.927,0.327,1
409,-2.103,0.655,-0.84,1.195,0.377,0.135,-0.504,-0.5489999999999999,-0.4039999999999999,0.602,2
410,-1.926,2.172,-0.5710000000000001,0.257,-0.159,-0.493,0.27,-0.153,-0.6729999999999999,-0.005,3
411,-2.512,2.826,-0.171,-0.385,-1.495,0.381,0.067,0.899,-0.902,-0.412,4
413,-2.708,2.396,0.728,0.336,-1.4369999999999998,-0.344,-0.411,1.469,-0.022,-0.7170000000000001,6
414,-4.341,3.514,-0.4529999999999999,-1.047,-0.469,0.51,0.618,0.8009999999999999,-0.3989999999999999,-0.777,7
415,-4.045,2.193,0.2,-0.745,0.215,0.387,0.625,1.477,-1.207,-0.27,8
416,-5.02,2.551,0.562,-0.136,0.531,-0.064,0.373,0.631,-1.4069999999999998,-0.267,9
417,-2.665,1.633,-0.384,-0.111,-0.001,0.2339999999999999,0.033,0.478,-1.558,0.2189999999999999,10
418,-3.5860000000000003,-0.38,-0.359,1.307,1.587,0.99,0.18,-0.831,-0.471,0.198,0
419,-2.889,-0.039,-0.494,0.7190000000000001,1.104,1.003,-0.415,0.0969999999999999,-0.855,0.356,1
420,-2.282,0.6729999999999999,-0.7979999999999999,1.286,0.308,0.01,-0.411,-0.61,-0.266,0.584,2
421,-1.985,2.161,-0.601,0.424,-0.295,-0.489,0.208,-0.216,-0.562,0.079,3
422,-2.563,2.829,-0.283,-0.368,-1.5930000000000002,0.408,0.121,0.933,-0.946,-0.356,4
423,-2.415,2.517,-0.285,0.085,-0.902,0.283,0.302,0.247,-1.207,0.371,5
424,-2.776,2.563,0.532,0.2769999999999999,-1.47,-0.368,-0.278,1.479,-0.1639999999999999,-0.797,6
425,-4.384,3.721,-0.905,-0.965,-0.16,0.498,0.809,0.66,-0.613,-0.831,7
426,-4.107,2.17,0.206,-0.8109999999999999,0.3339999999999999,0.633,0.402,1.097,-1.327,-0.04,8
427,-5.069,2.119,0.826,-0.2739999999999999,0.5760000000000001,0.145,0.308,1.001,-1.412,-0.306,9
428,-2.812,1.954,-0.6609999999999999,0.109,-0.011,0.11,0.187,0.096,-1.538,0.5920000000000001,10
429,-3.76,-0.32,-0.24,1.273,1.751,1.125,0.23,-0.723,-0.501,0.315,0
430,-3.152,0.086,-0.325,0.868,1.084,0.753,-0.522,-0.005,-0.821,0.483,1
431,-2.5580000000000003,0.755,-0.66,1.366,0.038,-0.011,-0.4429999999999999,-0.531,-0.062,0.418,2
432,-2.01,2.164,-0.626,0.389,-0.24,-0.441,0.103,-0.27,-0.647,0.165,3
433,-2.6010000000000004,2.735,-0.322,-0.255,-1.67,0.2289999999999999,0.2019999999999999,1.01,-0.871,-0.461,4
435,-2.922,2.6210000000000004,0.214,0.122,-1.477,-0.173,0.045,1.38,-0.635,-0.757,6
436,-4.417,3.765,-1.225,-0.853,0.0409999999999999,0.536,0.885,0.5329999999999999,-0.757,-0.789,7
437,-4.07,2.254,-0.28,-0.722,0.696,0.6829999999999999,0.243,0.6890000000000001,-1.45,0.19,8
438,-5.08,2.241,0.971,-0.374,0.501,0.226,0.144,0.851,-1.319,-0.3,9
439,-2.93,2.014,-0.7,0.206,-0.088,0.153,0.142,-0.031,-1.4369999999999998,0.615,10
440,-4.247,-0.034,0.248,1.372,1.831,1.167,0.087,-0.518,-0.316,0.347,0
441,-3.1830000000000003,0.154,-0.413,0.923,1.091,0.5820000000000001,-0.447,-0.085,-0.904,0.693,1
442,-2.514,0.5579999999999999,-0.777,1.2990000000000002,0.027,0.247,-0.487,-0.653,-0.0279999999999999,0.481,2
443,-2.041,2.119,-0.585,0.5489999999999999,-0.43,-0.291,-0.002,-0.2339999999999999,-0.7509999999999999,0.253,3
444,-2.64,2.704,-0.345,-0.23,-1.649,0.064,0.275,0.952,-0.6509999999999999,-0.5710000000000001,4
445,-2.729,2.104,-0.505,0.138,-0.5329999999999999,0.455,0.148,-0.407,-1.0590000000000002,0.625,5
446,-3.025,2.7110000000000003,-0.147,-0.034,-1.34,0.049,0.364,1.099,-1.02,-0.652,6
447,-4.415,3.737,-1.3130000000000002,-0.815,0.168,0.59,0.975,0.42,-0.825,-0.748,7
448,-4.0360000000000005,2.141,-0.355,-0.602,0.8370000000000001,0.6629999999999999,-0.013,0.507,-1.412,0.21,8
449,-5.158,2.488,1.064,-0.3429999999999999,0.352,0.18,-0.05,0.8170000000000001,-1.308,-0.249,9
450,-2.907,1.992,-0.904,0.205,0.011,0.346,-0.031,-0.148,-1.262,0.487,10
452,-3.096,0.103,-0.452,0.879,1.067,0.497,-0.296,-0.067,-0.973,0.711,1
453,-2.452,0.2789999999999999,-0.805,1.141,0.239,0.176,-0.104,-0.752,-0.3339999999999999,0.731,2
454,-2.081,2.043,-0.521,0.578,-0.4629999999999999,-0.246,-0.0409999999999999,-0.162,-0.8140000000000001,0.425,3
455,-2.658,2.739,-0.382,-0.31,-1.64,0.081,0.276,0.884,-0.535,-0.5479999999999999,4
456,-2.982,2.001,-0.915,0.188,0.035,0.467,-0.13,-0.6890000000000001,-0.684,0.664,5
457,-3.0980000000000003,2.525,-0.316,-0.322,-1.082,0.285,0.445,0.847,-0.951,-0.7070000000000001,6
458,-4.4030000000000005,3.602,-0.945,-0.934,0.0409999999999999,0.409,1.003,0.47,-0.477,-0.621,7
459,-4.2,2.201,-0.31,-0.392,0.968,0.7,-0.3279999999999999,0.129,-0.8959999999999999,0.15,8
460,-5.211,2.544,0.82,-0.3329999999999999,0.447,0.226,0.127,0.89,-1.389,-0.304,9
461,-2.752,1.778,-0.718,0.057,-0.009,0.402,0.121,0.05,-1.435,0.281,10
462,-5.058,2.236,1.381,1.885,-0.259,-0.483,-0.562,0.123,-0.063,0.6629999999999999,0
463,-4.181,1.646,0.736,1.286,0.7240000000000001,-0.511,-1.126,-0.45,-0.648,0.995,1
464,-3.753,0.828,-0.042,1.406,0.209,-0.53,-0.52,-0.4,-0.386,1.07,2
465,-3.494,1.207,-0.607,0.242,-0.43,0.131,0.236,0.545,-0.593,0.6779999999999999,3
466,-2.813,2.327,-1.246,-0.184,-0.755,0.491,1.202,-0.5579999999999999,-0.669,0.054,4
467,-3.133,1.983,-1.398,0.254,-0.667,0.532,0.389,-0.178,-0.584,0.8440000000000001,5
468,-3.749,3.018,-0.755,-0.452,-0.6659999999999999,0.209,0.741,0.9,-1.6130000000000002,0.128,6
469,-4.373,4.643,-0.792,-1.332,-0.2019999999999999,0.597,0.192,1.133,-1.131,-0.28,7
470,-4.468,4.121,-0.42,-1.197,0.3379999999999999,0.6,-0.11,0.314,-1.248,-0.012,8
471,-4.902,4.49,-0.564,-0.536,-0.1639999999999999,-0.298,0.8420000000000001,-0.158,-0.906,0.358,9
472,-4.125,2.3,-0.1669999999999999,-0.27,0.103,0.32,-0.467,-0.254,-0.415,0.863,10
473,-5.124,2.319,1.413,1.804,-0.2769999999999999,-0.33,-0.746,0.221,0.06,0.46,0
474,-4.393,2.137,0.57,1.3969999999999998,0.293,-0.836,-0.966,-0.461,-0.2769999999999999,1.1840000000000002,1
475,-3.961,1.078,0.11,1.232,0.21,-0.67,-0.536,-0.33,-0.268,1.098,2
476,-3.654,1.222,-0.574,0.248,-0.299,0.158,0.154,0.5529999999999999,-0.58,0.617,3
477,-3.0010000000000003,2.263,-1.178,-0.1159999999999999,-0.922,0.536,1.286,-0.506,-0.5660000000000001,-0.102,4
478,-3.417,1.984,-1.148,0.2339999999999999,-0.778,0.411,0.494,0.13,-0.7040000000000001,0.764,5
479,-3.887,3.172,-0.7390000000000001,-0.69,-0.5479999999999999,0.33,0.569,0.98,-1.609,0.283,6
480,-4.474,4.569,-1.069,-1.409,0.1369999999999999,1.0490000000000002,0.071,0.877,-1.355,-0.1669999999999999,7
481,-4.471,4.096,-0.809,-0.8809999999999999,0.6459999999999999,0.539,0.04,0.142,-1.555,-0.023,8
482,-4.947,4.637,-0.444,-0.953,-0.119,-0.249,0.594,0.27,-0.7829999999999999,0.265,9
483,-4.173,2.299,-0.298,-0.13,0.122,0.319,-0.3879999999999999,-0.3279999999999999,-0.48,0.99,10
484,-5.131,2.192,1.364,1.936,-0.591,-0.354,-0.677,0.15,0.178,0.38,0
486,-4.058,1.072,0.157,1.136,0.385,-0.687,-0.583,-0.185,-0.3,1.177,2
487,-3.631,1.195,-0.7190000000000001,0.13,-0.065,0.348,-0.061,0.555,-0.594,0.8059999999999999,3
488,-3.434,2.26,-1.065,-0.122,-0.795,0.363,1.403,-0.507,-0.375,0.015,4
489,-3.765,1.97,-0.955,0.304,-0.735,0.41,0.38,0.146,-0.536,0.738,5
490,-3.975,3.0660000000000003,-0.506,-0.8270000000000001,-0.478,0.434,0.356,0.939,-1.3090000000000002,0.204,6
492,-4.475,4.064,-0.927,-0.6779999999999999,0.599,0.445,0.2239999999999999,0.103,-1.336,-0.192,8
494,-4.151,2.069,-0.605,0.111,0.41,0.354,-0.284,-0.381,-0.507,0.737,10
495,-5.125,2.077,1.283,2.003,-0.7340000000000001,-0.513,-0.557,0.055,0.295,0.2689999999999999,0
496,-4.316,1.409,0.441,1.819,0.5,-0.617,-0.633,-0.621,-0.6709999999999999,1.193,1
497,-4.149,1.129,-0.008,1.215,0.39,-0.474,-0.4,-0.3429999999999999,-0.344,0.8859999999999999,2
498,-3.5810000000000004,1.188,-0.958,0.1889999999999999,-0.077,0.451,0.049,0.449,-0.6759999999999999,0.919,3
499,-3.828,2.367,-0.836,-0.3429999999999999,-0.466,0.1159999999999999,1.172,-0.175,-0.275,0.1169999999999999,4
500,-3.82,1.705,-1.13,0.45,-0.471,0.665,0.298,-0.175,-0.473,0.848,5
501,-3.949,2.99,-0.643,-0.986,-0.175,0.768,0.249,0.8029999999999999,-1.479,0.168,6
502,-4.471,4.461,-1.887,-0.799,0.7190000000000001,0.938,0.239,0.342,-1.036,-0.06,7
503,-4.58,4.1160000000000005,-0.753,-0.8490000000000001,0.516,0.498,0.1169999999999999,0.181,-1.256,-0.119,8
504,-5.049,4.846,-0.6779999999999999,-0.877,-0.09,0.005,0.253,-0.078,-0.178,0.131,9
505,-4.115,1.856,-0.738,0.132,0.6579999999999999,0.3289999999999999,-0.252,-0.123,-0.53,0.456,10
506,-5.143,2.051,1.216,1.898,-0.555,-0.466,-0.8420000000000001,0.011,0.461,0.193,0
507,-4.4030000000000005,1.409,0.551,1.496,0.6729999999999999,-0.616,-0.787,-0.382,-0.696,1.139,1
508,-4.316,1.272,-0.087,1.285,0.126,-0.128,-0.286,-0.4629999999999999,-0.294,0.691,2
509,-3.622,1.111,-0.972,0.3989999999999999,-0.402,0.527,0.271,0.373,-0.716,0.943,3
510,-3.85,2.28,-1.055,-0.335,-0.1639999999999999,0.41,0.913,-0.391,-0.3379999999999999,0.26,4
511,-3.962,1.724,-1.29,0.531,-0.17,0.528,0.282,-0.149,-0.603,1.139,5
512,-3.894,2.91,-0.968,-0.6709999999999999,-0.131,0.519,0.591,0.708,-1.515,0.121,6
513,-4.468999999999999,4.348,-1.74,-0.8859999999999999,0.447,0.883,0.374,0.5770000000000001,-0.908,-0.089,7
514,-4.6610000000000005,4.235,-0.497,-1.021,0.295,0.457,-0.019,0.345,-1.355,0.062,8
515,-5.04,5.074,-1.721,-0.264,0.2789999999999999,0.176,0.003,-0.609,-0.177,0.422,9
516,-4.169,1.7990000000000002,-0.621,0.025,0.706,0.362,-0.3429999999999999,-0.049,-0.3389999999999999,0.22,10
517,-5.105,1.968,1.14,1.719,-0.4429999999999999,-0.432,-0.969,-0.173,0.551,0.176,0
518,-4.544,1.672,0.643,1.281,0.504,-0.8029999999999999,-0.7090000000000001,-0.2289999999999999,-0.546,1.058,1
519,-4.426,1.167,0.008,1.315,0.1889999999999999,-0.297,-0.124,-0.244,-0.423,0.684,2
520,-3.622,0.988,-1.108,0.685,-0.693,0.754,0.442,0.166,-0.4579999999999999,0.738,3
521,-3.597,2.146,-1.492,-0.142,-0.297,0.815,0.87,-0.49,-0.471,0.41,4
522,-4.122,1.735,-1.34,0.615,0.03,0.353,0.345,-0.104,-0.54,0.988,5
523,-4.065,2.8760000000000003,-0.856,-0.221,-0.5329999999999999,0.2319999999999999,0.855,0.633,-1.452,0.272,6
525,-4.651,4.246,-0.823,-0.831,0.6659999999999999,0.546,-0.3,0.094,-1.3430000000000002,0.185,8
526,-5.034,4.993,-1.633,-0.285,0.3979999999999999,0.181,-0.211,-0.508,-0.283,0.304,9
527,-4.261,1.827,-0.482,-0.1939999999999999,0.731,0.354,-0.478,0.05,-0.1119999999999999,0.321,10
528,-1.149,-0.904,-1.988,0.7390000000000001,-0.06,1.206,0.8640000000000001,1.196,-0.3,-0.467,0
530,-2.505,0.632,-0.593,0.304,0.496,0.8240000000000001,-0.162,0.181,-0.363,-0.764,2
531,-1.768,1.769,-1.142,-0.7390000000000001,-0.086,0.12,-0.23,0.217,-0.009,-0.2789999999999999,3
532,-2.6710000000000003,3.155,-0.514,0.133,-0.964,0.2339999999999999,-0.071,1.192,0.254,-0.471,4
533,-2.509,1.3259999999999998,0.354,0.6629999999999999,-0.7240000000000001,0.418,-0.496,0.713,0.638,-0.204,5
534,-2.764,1.111,0.727,1.54,-0.855,0.261,-1.11,0.2269999999999999,0.42,0.991,6
536,-3.839,1.248,0.83,0.982,-1.11,0.617,-0.7509999999999999,0.084,0.309,1.125,8
537,-4.982,1.538,0.96,1.253,-0.64,0.588,-0.484,-0.31,-0.246,1.18,9
538,-2.895,0.682,-0.151,0.218,-0.6890000000000001,1.118,-0.264,0.922,0.757,0.327,10
539,-1.093,-0.922,-2.091,0.8440000000000001,0.009,1.247,0.8909999999999999,1.453,-0.089,-0.4,0
540,-2.499,0.119,-0.82,0.346,0.347,1.696,0.245,0.6890000000000001,-0.084,-0.596,1
541,-2.633,0.672,-0.372,0.439,0.437,0.907,-0.402,-0.04,-0.366,-0.741,2
542,-1.707,1.652,-1.012,-0.622,-0.293,0.2789999999999999,-0.276,0.477,0.05,-0.2,3
543,-2.696,3.129,-0.52,0.294,-0.989,0.019,-0.066,1.106,0.361,-0.396,4
544,-2.592,1.617,0.267,0.38,-0.777,0.487,-0.206,0.733,0.5920000000000001,-0.4029999999999999,5
545,-2.733,1.088,0.7609999999999999,1.694,-0.833,0.292,-1.069,0.266,0.369,1.034,6
546,-3.835,3.339,0.29,-0.126,-1.68,0.195,-0.368,1.328,0.523,0.861,7
547,-3.915,2.158,0.7809999999999999,0.643,-1.023,0.598,-0.718,0.2739999999999999,0.376,0.77,8
548,-4.848,1.115,0.932,1.615,-0.589,0.5920000000000001,-0.446,-0.366,-0.447,1.294,9
550,-1.784,-1.074,-1.661,1.324,0.289,1.3030000000000002,0.924,1.307,-0.346,-0.521,0
551,-1.89,0.207,-1.161,0.027,-0.047,1.581,0.2769999999999999,1.129,0.366,-0.25,1
552,-2.677,0.486,-0.061,0.517,0.222,1.102,-0.425,-0.096,-0.373,-0.484,2
553,-1.716,1.186,-0.809,-0.515,-0.35,0.29,-0.4039999999999999,0.6779999999999999,0.172,-0.212,3
554,-2.769,2.906,-0.1939999999999999,0.349,-0.958,0.089,-0.245,1.004,0.6,-0.336,4
555,-2.625,1.551,0.298,0.324,-1.05,0.746,0.067,0.603,0.342,-0.413,5
556,-2.632,0.8809999999999999,0.71,1.8,-0.75,0.33,-1.128,0.177,0.3389999999999999,1.166,6
557,-3.888,3.085,0.436,0.142,-1.526,-0.052,-0.503,1.085,0.511,0.976,7
558,-3.824,1.832,1.093,1.024,-1.09,0.56,-0.336,0.299,0.126,1.005,8
559,-4.813,1.042,0.887,1.661,-0.534,0.747,-0.513,-0.4479999999999999,-0.412,1.214,9
560,-2.971,0.4629999999999999,-0.195,0.3229999999999999,-0.625,0.941,-0.327,0.78,0.552,0.436,10
561,-2.698,-1.027,-0.94,1.796,0.392,1.33,0.866,0.7809999999999999,-0.838,-0.6629999999999999,0
562,-1.358,0.136,-1.082,-0.148,-0.609,1.464,0.144,1.149,0.481,0.119,1
563,-2.594,0.621,-0.292,0.521,0.26,1.204,-0.337,0.261,-0.332,-0.51,2
564,-1.793,0.925,-0.7390000000000001,-0.396,-0.211,0.3289999999999999,-0.4029999999999999,0.604,0.1969999999999999,-0.251,3
565,-2.92,2.697,-0.1159999999999999,0.451,-0.8590000000000001,-0.035,-0.307,0.8740000000000001,0.622,-0.301,4
566,-2.696,1.26,0.436,0.657,-1.161,0.805,0.062,0.575,0.182,-0.3339999999999999,5
567,-2.484,0.5589999999999999,0.624,1.951,-0.6459999999999999,0.381,-1.106,0.036,0.24,1.291,6
568,-3.989,3.049,0.304,0.209,-1.26,-0.205,-0.735,0.862,0.551,1.114,7
569,-3.776,1.7519999999999998,0.92,0.722,-1.164,0.774,-0.01,0.657,0.248,1.055,8
570,-4.717,0.8290000000000001,0.853,1.98,-0.546,0.688,-0.434,-0.424,-0.636,1.245,9
571,-3.108,0.926,-0.389,0.249,-0.461,0.816,-0.226,0.818,0.387,0.303,10
572,-3.366,-0.826,-0.405,1.643,0.603,1.226,0.524,0.293,-0.858,-0.6679999999999999,0
573,-1.53,0.0289999999999999,-0.925,0.054,-0.565,1.5930000000000002,0.123,1.117,0.3379999999999999,0.026,1
574,-1.817,0.5589999999999999,-0.8009999999999999,0.2339999999999999,0.011,1.215,-0.161,0.809,0.018,-0.382,2
575,-1.969,0.835,-0.6709999999999999,-0.27,0.0279999999999999,0.4,-0.444,0.53,0.061,-0.3429999999999999,3
577,-2.889,1.418,0.409,0.61,-1.018,0.992,0.005,0.518,-0.027,-0.326,5
578,-2.71,0.809,0.754,1.903,-0.764,0.3779999999999999,-1.123,0.162,0.405,1.163,6
579,-3.992,3.342,0.1669999999999999,0.086,-1.23,-0.216,-0.8240000000000001,0.8370000000000001,0.521,0.978,7
580,-3.81,1.91,0.527,0.478,-0.972,0.945,-0.28,0.7190000000000001,0.482,0.8290000000000001,8
581,-4.683,0.773,0.888,2.302,-0.562,0.395,-0.401,-0.289,-0.8390000000000001,1.165,9
582,-3.375,1.779,-0.8220000000000001,0.382,-0.019,0.845,0.123,0.767,0.223,-0.337,10
583,-3.312,-0.7759999999999999,-0.504,1.39,0.86,1.257,0.222,0.314,-0.715,-0.765,0
584,-2.073,0.088,-0.73,0.296,-0.286,1.75,0.154,1.078,0.294,-0.174,1
585,-1.222,0.491,-0.716,0.004,-0.3229999999999999,1.108,-0.148,0.773,0.387,-0.073,2
586,-2.295,0.883,-0.619,-0.0409999999999999,0.143,0.3779999999999999,-0.602,0.335,-0.114,-0.391,3
587,-2.968,2.149,0.13,0.6759999999999999,-0.79,0.1119999999999999,-0.507,0.762,0.625,-0.272,4
588,-2.784,1.43,0.145,0.309,-0.931,1.342,0.017,0.589,-0.044,-0.273,5
589,-3.073,1.5319999999999998,0.949,1.541,-1.058,0.272,-0.961,0.449,0.619,0.969,6
590,-3.958,4.132,-0.074,-0.19,-1.1840000000000002,-0.11,-0.679,1.198,0.442,0.563,7
591,-3.947,2.102,0.305,0.462,-0.765,1.037,-0.618,0.741,0.345,0.2689999999999999,8
592,-4.756,0.965,0.959,2.287,-0.527,0.4539999999999999,-0.41,-0.362,-0.862,1.088,9
593,-3.366,1.952,-0.898,0.258,0.282,0.835,0.29,0.6809999999999999,0.431,-0.461,10
594,-3.137,0.077,-1.157,1.589,0.204,1.898,0.17,0.6759999999999999,-1.033,-0.635,0
595,-3.262,0.956,-0.7909999999999999,1.528,-0.021,0.977,-0.121,0.499,-0.99,-0.621,1
596,-2.045,0.8190000000000001,-1.46,0.652,-0.701,0.352,-0.087,0.7929999999999999,-0.5670000000000001,-0.013,2
597,-1.993,1.725,-1.13,0.556,-1.223,0.485,0.211,-0.04,-0.294,-0.5479999999999999,3
598,-2.765,2.817,-2.02,0.213,-0.772,0.852,0.252,-0.193,-0.2019999999999999,-0.093,4
599,-2.55,2.391,-1.137,0.09,-0.948,0.217,0.051,0.723,-0.5579999999999999,-0.204,5
600,-3.297,2.88,-0.8590000000000001,-0.301,-1.02,0.7979999999999999,0.288,0.855,-0.528,-0.662,6
603,-4.6930000000000005,3.1460000000000004,-0.136,0.5870000000000001,-0.731,1.055,-0.104,-0.021,0.637,-0.192,9
604,-3.73,1.872,-0.8009999999999999,0.555,-0.427,0.7909999999999999,0.196,0.65,-0.7440000000000001,-0.372,10
605,-3.019,0.0579999999999999,-1.265,1.497,0.171,1.997,0.178,0.847,-1.16,-0.5479999999999999,0
606,-3.339,1.004,-0.747,1.505,-0.068,1.007,-0.017,0.377,-0.775,-0.899,1
607,-2.008,0.785,-1.489,0.654,-0.685,0.313,-0.085,0.856,-0.516,-0.053,2
608,-1.951,1.6840000000000002,-1.039,0.586,-1.166,0.345,0.33,-0.108,-0.198,-0.609,3
610,-2.5380000000000003,2.351,-1.029,0.146,-0.922,0.201,-0.0579999999999999,0.835,-0.7120000000000001,-0.074,5
611,-3.2310000000000003,3.003,-1.161,-0.315,-0.816,0.87,0.311,0.677,-0.565,-0.7,6
612,-4.033,4.071000000000001,-0.586,0.127,-1.4469999999999998,0.62,0.1969999999999999,0.711,0.48,-0.306,7
613,-4.13,3.105,-1.141,0.183,-0.498,1.324,-0.3989999999999999,0.675,-0.3389999999999999,-0.6940000000000001,8
615,-3.7,1.841,-0.675,0.441,-0.3829999999999999,0.89,0.176,0.594,-0.677,-0.408,10
616,-2.9730000000000003,0.036,-1.273,1.519,0.195,1.98,0.131,0.8320000000000001,-1.157,-0.547,0
617,-3.485,1.092,-0.674,1.395,-0.027,1.039,-0.047,0.384,-0.7609999999999999,-0.934,1
618,-1.929,0.777,-1.415,0.598,-0.579,0.215,-0.061,0.733,-0.3329999999999999,-0.235,2
619,-1.928,1.578,-0.997,0.672,-1.287,0.381,0.249,0.006,-0.1669999999999999,-0.637,3
620,-2.823,2.7430000000000003,-2.012,0.2339999999999999,-0.919,1.103,0.091,-0.177,-0.143,-0.09,4
621,-2.521,2.283,-0.954,0.2319999999999999,-0.918,0.253,-0.094,0.833,-0.7040000000000001,-0.092,5
623,-4.049,4.039,-0.5579999999999999,0.064,-1.676,1.024,0.047,1.024,-0.091,-0.283,7
624,-4.13,3.2910000000000004,-1.4240000000000002,0.359,-0.273,1.297,-0.4539999999999999,0.62,-0.527,-0.7090000000000001,8
626,-3.725,1.904,-0.737,0.433,-0.369,1.047,0.12,0.425,-0.6779999999999999,-0.391,10
628,-3.587,1.193,-0.617,1.34,-0.022,1.103,-0.072,0.368,-0.8540000000000001,-0.767,1
629,-1.895,0.755,-1.388,0.638,-0.614,0.246,-0.033,0.693,-0.27,-0.346,2
631,-2.797,2.7060000000000004,-1.936,0.147,-0.921,1.24,-0.0819999999999999,-0.006,-0.214,-0.064,4
632,-2.5610000000000004,2.191,-0.955,0.214,-0.841,0.386,-0.083,0.74,-0.612,-0.196,5
633,-3.152,3.176,-1.5730000000000002,-0.204,-0.485,0.723,0.308,0.652,-0.872,-0.586,6
634,-4.064,4.106,-0.545,0.03,-1.645,0.904,0.103,0.907,0.05,-0.322,7
635,-4.138999999999999,3.363,-1.464,0.4589999999999999,-0.066,1.045,-0.146,0.172,-0.124,-0.8640000000000001,8
636,-4.782,3.325,-0.071,0.6629999999999999,-0.913,1.012,-0.033,-0.103,0.483,-0.2019999999999999,9
637,-3.731,1.927,-0.705,0.4529999999999999,-0.372,1.149,0.046,0.3229999999999999,-0.627,-0.331,10
638,-3.055,0.088,-1.217,1.5619999999999998,0.186,2.059,0.054,0.639,-1.121,-0.757,0
639,-3.711,1.3769999999999998,-0.584,1.4280000000000002,-0.033,1.062,-0.127,0.3279999999999999,-1.092,-0.565,1
640,-1.926,0.6890000000000001,-1.433,0.716,-0.588,0.2689999999999999,-0.044,0.716,-0.245,-0.285,2
641,-1.948,1.536,-1.012,0.537,-1.229,0.183,0.46,-0.002,-0.178,-0.5760000000000001,3
642,-2.8,2.609,-1.726,0.036,-0.941,1.039,0.191,0.044,-0.165,-0.2339999999999999,4
643,-2.6910000000000003,2.111,-1.067,0.174,-0.649,0.431,-0.017,0.655,-0.498,-0.292,5
644,-3.19,3.1010000000000004,-1.659,-0.182,-0.436,0.828,0.272,0.502,-0.857,-0.516,6
645,-4.074,4.187,-0.555,0.052,-1.6030000000000002,0.73,-0.061,0.981,0.249,-0.25,7
647,-4.827,3.391,-0.099,0.599,-0.723,0.741,0.089,-0.214,0.518,-0.074,9
648,-3.735,2.096,-0.818,0.4629999999999999,-0.221,1.144,0.023,0.2239999999999999,-0.745,-0.325,10
649,-3.117,0.146,-1.228,1.635,0.223,2.026,0.036,0.569,-1.15,-0.767,0
651,-2.029,0.698,-1.482,0.813,-0.6809999999999999,0.422,0.016,0.7509999999999999,-0.3,-0.237,2
652,-1.998,1.497,-1.005,0.519,-1.236,0.3979999999999999,0.273,0.151,-0.319,-0.49,3
653,-2.914,2.541,-1.567,0.067,-1.051,1.207,0.006,0.289,-0.325,-0.3429999999999999,4
654,-2.937,2.1830000000000003,-1.291,0.355,-0.372,0.57,0.045,0.452,-0.705,-0.263,5
656,-4.069,4.205,-0.614,-0.06,-1.462,0.476,0.381,0.589,0.405,-0.259,7
657,-4.235,3.775,-1.5930000000000002,0.8140000000000001,0.288,0.805,-0.5660000000000001,-0.247,-0.409,-0.556,8
659,-3.756,2.204,-0.716,0.529,-0.284,1.121,0.022,0.127,-0.782,-0.3939999999999999,10
660,-4.066,0.3979999999999999,-0.382,1.679,0.121,1.617,0.504,-0.315,-0.226,-0.873,0
661,-2.966,0.659,-1.057,1.36,0.152,1.435,0.1969999999999999,0.926,-0.45,-0.637,1
662,-2.695,1.119,-0.986,0.172,0.499,0.372,0.088,0.63,-0.721,-0.256,2
663,-2.482,1.896,-1.289,0.1119999999999999,0.285,0.096,0.022,0.8320000000000001,-0.3329999999999999,-0.764,3
664,-2.742,2.729,-0.129,-0.49,-0.573,0.868,0.07,0.7709999999999999,0.053,-0.939,4
665,-2.434,2.903,-1.341,-0.411,0.372,0.843,-0.022,0.336,0.123,-0.747,5
666,-2.9730000000000003,3.557,-0.396,-0.7190000000000001,-0.669,0.923,0.293,1.009,0.14,-1.098,6
667,-4.103,3.812,0.255,-0.103,-0.994,0.0969999999999999,-0.345,2.039,0.02,-0.43,7
668,-3.863,3.245,-0.996,0.486,-0.348,0.19,0.5579999999999999,1.342,0.176,-0.318,8
669,-4.611000000000001,2.962,-0.856,1.161,-0.612,0.469,0.162,0.705,0.37,-0.916,9
670,-3.548,1.611,-0.85,0.374,0.168,0.318,0.4629999999999999,0.863,-1.131,-0.3339999999999999,10
671,-4.052,0.35,-0.314,1.734,0.127,1.6669999999999998,0.512,-0.377,-0.358,-0.855,0
672,-3.034,0.6940000000000001,-1.007,1.453,0.155,1.48,0.179,1.005,-0.54,-0.563,1
673,-2.667,1.132,-1.054,0.2319999999999999,0.537,0.352,0.163,0.55,-0.688,-0.295,2
674,-2.395,1.929,-1.496,0.372,0.065,0.009,0.149,0.813,-0.484,-0.672,3
675,-2.758,2.839,-0.282,-0.449,-0.485,0.7879999999999999,0.12,0.792,0.023,-0.949,4
677,-3.045,3.312,0.171,-0.605,-1.027,0.924,0.353,0.897,0.365,-0.871,6
678,-4.089,3.712,0.315,-0.05,-0.929,0.018,-0.35,1.77,0.244,-0.301,7
680,-4.602,3.043,-0.959,0.828,-0.298,0.315,0.423,0.57,0.387,-0.617,9
681,-3.707,1.486,-0.494,0.402,0.183,0.186,0.2339999999999999,1.029,-0.856,-0.408,10
682,-3.894,0.1169999999999999,-0.407,1.973,0.043,1.891,0.411,-0.095,-0.436,-1.015,0
683,-3.053,0.716,-1.024,1.422,0.184,1.473,0.261,0.983,-0.431,-0.7170000000000001,1
684,-2.615,1.185,-1.162,0.395,0.4589999999999999,0.345,0.298,0.456,-0.62,-0.307,2
685,-2.303,1.954,-1.493,0.305,0.047,0.0559999999999999,0.026,0.902,-0.522,-0.645,3
686,-2.79,2.665,0.036,-0.44,-0.604,0.8109999999999999,0.098,0.723,0.134,-0.91,4
687,-2.445,2.678,-0.816,-0.743,0.076,1.117,-0.057,0.018,0.281,-0.72,5
689,-3.983,3.695,0.096,-0.3329999999999999,-1.01,0.1689999999999999,-0.108,1.6740000000000002,0.262,-0.231,7
690,-3.96,3.373,-1.235,0.152,0.031,0.664,0.5579999999999999,0.841,-0.133,-0.317,8
691,-4.617,3.033,-0.909,0.604,-0.341,0.636,0.294,0.527,0.48,-0.5579999999999999,9
692,-3.789,1.42,-0.372,0.568,0.123,0.185,0.078,1.006,-0.722,-0.391,10
693,-3.676,-0.185,-0.563,2.377,0.096,1.854,0.303,0.296,-0.358,-1.205,0
694,-3.033,0.7,-1.077,1.266,0.196,1.453,0.317,0.947,-0.324,-0.828,1
695,-2.6,1.219,-1.315,0.589,0.311,0.364,0.451,0.35,-0.556,-0.314,2
696,-2.316,2.007,-1.365,0.181,0.206,0.071,0.037,0.8140000000000001,-0.332,-0.753,3
697,-2.7,2.6860000000000004,-0.043,-0.528,-0.626,0.917,0.1669999999999999,0.652,0.1,-0.937,4
699,-2.969,3.128,0.504,-0.487,-1.371,0.7040000000000001,0.66,0.6759999999999999,0.469,-0.525,6
700,-3.878,3.816,-0.155,-0.6679999999999999,-1.207,0.541,0.022,1.972,-0.0289999999999999,-0.29,7
701,-3.896,2.768,-0.816,-0.0139999999999999,-0.125,0.168,0.307,1.203,0.246,-0.118,8
702,-4.717,3.059,-0.682,0.532,-0.48,0.731,0.174,0.493,0.635,-0.473,9
703,-3.689,1.367,-0.389,0.376,0.136,0.3429999999999999,0.156,1.01,-0.611,-0.551,10
704,-3.644,-0.215,-0.579,2.307,0.046,1.945,0.28,0.272,-0.539,-1.226,0
705,-3.034,0.452,-0.946,0.931,0.128,1.514,0.142,0.932,-0.104,-0.974,1
707,-2.382,1.984,-1.096,-0.103,0.369,0.204,-0.125,0.752,-0.136,-0.959,3
708,-2.54,2.925,-0.377,-0.745,-0.562,0.981,0.303,0.539,0.127,-0.959,4
709,-2.505,2.358,-0.184,-0.792,-0.316,1.3630000000000002,0.302,-0.121,0.214,-0.622,5
710,-2.951,2.64,0.8320000000000001,-0.387,-1.5019999999999998,0.272,0.7559999999999999,0.5379999999999999,0.616,-0.3989999999999999,6
711,-3.979,3.661,0.1689999999999999,-0.598,-1.412,0.569,0.009,1.939,0.094,-0.149,7
712,-4.083,2.315,-0.375,0.52,-0.019,-0.211,-0.172,1.054,0.387,0.168,8
713,-4.805,3.228,-0.501,0.602,-0.532,0.745,0.09,0.445,0.7559999999999999,-0.42,9
714,-3.661,1.2919999999999998,-0.433,0.34,0.098,0.363,0.246,0.911,-0.415,-0.507,10
715,-3.337,-0.347,-0.79,2.129,-0.0579999999999999,2.079,0.295,0.246,-0.687,-1.241,0
716,-3.0,0.217,-0.855,0.8029999999999999,-0.008,1.795,-0.01,1.07,-0.061,-1.046,1
717,-3.047,1.267,-0.799,0.507,0.524,0.507,0.044,0.302,-0.731,-0.431,2
719,-2.544,2.725,-0.067,-0.787,-0.903,0.97,0.524,0.32,0.283,-0.8220000000000001,4
720,-2.7030000000000003,2.066,0.205,-0.63,-0.345,1.229,0.4029999999999999,-0.032,0.247,-0.696,5
721,-3.015,2.219,0.996,-0.455,-1.514,0.047,0.8640000000000001,0.4679999999999999,0.657,-0.3429999999999999,6
722,-4.122,3.177,0.529,-0.176,-1.307,0.132,-0.2789999999999999,1.3530000000000002,0.4579999999999999,-0.009,7
723,-4.047,2.6260000000000003,-0.597,0.823,-0.266,0.048,0.049,0.882,0.359,-0.203,8
724,-4.893,3.37,-0.4639999999999999,0.5379999999999999,-0.327,0.496,0.27,0.47,0.742,-0.141,9
725,-3.664,1.119,-0.4589999999999999,0.482,0.0819999999999999,0.221,0.185,0.861,-0.237,-0.413,10
726,-2.463,-0.1969999999999999,-1.264,1.15,0.2339999999999999,1.833,0.066,0.738,-1.382,-0.498,0
727,-2.9130000000000003,0.757,-0.8190000000000001,1.245,0.419,1.17,0.051,0.3279999999999999,-0.96,-0.614,1
728,-2.012,1.134,-1.029,0.205,0.6609999999999999,0.359,0.456,0.372,-0.939,-0.613,2
729,-2.101,1.5019999999999998,-0.322,-0.363,0.026,0.1159999999999999,0.162,-0.074,-0.106,-0.397,3
731,-2.346,1.604,-0.283,0.3929999999999999,-0.416,0.268,-0.4629999999999999,0.387,0.253,-0.504,5
732,-3.008,2.882,-0.9,0.214,-0.565,-0.1969999999999999,0.449,0.305,0.413,-0.3,6
733,-3.823,3.536,-2.07,0.245,-0.442,1.125,0.73,0.5379999999999999,-0.006,-0.64,7
734,-4.019,3.52,-1.058,-0.2,-0.545,1.348,0.351,0.82,-0.868,-0.434,8
735,-4.022,0.941,-0.623,1.461,0.02,1.904,-0.074,0.4639999999999999,-0.541,-0.211,9
736,-3.209,1.85,-0.3939999999999999,0.555,0.425,0.313,0.067,0.077,-0.163,-0.944,10
737,-2.377,-0.266,-1.371,1.09,0.24,1.843,0.107,0.7020000000000001,-1.256,-0.62,0
738,-2.9610000000000003,0.7659999999999999,-0.8,0.962,0.6579999999999999,1.012,0.347,-0.015,-0.425,-0.746,1
739,-2.207,1.09,-0.627,0.024,0.912,0.662,0.241,0.348,-0.7020000000000001,-0.912,2
740,-2.131,1.487,-0.302,-0.272,0.012,0.067,0.149,0.022,-0.133,-0.322,3
741,-2.596,1.867,-0.208,0.208,-0.574,0.146,-0.214,0.1159999999999999,0.395,-0.541,4
742,-2.378,1.568,-0.243,0.407,-0.428,0.2289999999999999,-0.293,0.297,0.372,-0.512,5
743,-3.117,2.8760000000000003,-0.746,-0.047,-0.427,-0.053,0.4529999999999999,0.305,0.541,-0.489,6
744,-3.911,3.703,-1.965,0.132,-0.209,0.929,0.8109999999999999,0.495,-0.142,-0.519,7
745,-4.135,3.651,-0.7509999999999999,-0.066,-0.789,1.131,0.496,0.7879999999999999,-0.883,-0.351,8
748,-2.382,-0.294,-1.3969999999999998,1.051,0.211,1.901,0.151,0.654,-1.286,-0.609,0
749,-2.9410000000000003,0.71,-0.855,0.902,0.635,0.924,0.466,0.01,-0.342,-0.588,1
750,-2.306,1.086,-0.59,0.106,0.931,0.733,0.213,0.2739999999999999,-0.684,-0.911,2
751,-2.162,1.533,-0.267,-0.287,-0.026,0.122,0.168,-0.024,-0.268,-0.27,3
752,-2.639,1.88,-0.389,0.204,-0.5710000000000001,0.094,-0.233,0.2789999999999999,0.426,-0.598,4
753,-2.458,1.586,-0.359,0.376,-0.244,0.134,-0.163,0.298,0.444,-0.711,5
754,-3.242,2.901,-0.632,-0.332,-0.421,0.226,0.536,0.142,0.623,-0.616,6
755,-3.977,3.684,-1.242,-0.364,-0.217,0.594,0.759,0.6,0.069,-0.25,7
756,-4.093999999999999,3.5860000000000003,-0.845,-0.026,-0.5379999999999999,0.964,0.6659999999999999,0.647,-0.412,-0.477,8
757,-4.138,1.128,-0.601,1.5530000000000002,-0.019,2.039,-0.176,0.262,-0.551,-0.362,9
758,-3.242,1.802,-0.482,0.6990000000000001,0.424,0.337,0.115,0.272,-0.205,-1.074,10
759,-2.4530000000000003,-0.32,-1.368,1.04,0.174,1.985,0.158,0.59,-1.318,-0.5870000000000001,0
760,-2.957,0.596,-0.7559999999999999,0.89,0.58,0.836,0.5429999999999999,0.036,-0.2319999999999999,-0.579,1
762,-2.175,1.631,-0.331,-0.203,-0.159,0.246,0.18,-0.093,-0.351,-0.267,3
763,-2.7230000000000003,1.975,-0.636,0.336,-0.677,0.156,-0.342,0.479,0.381,-0.7290000000000001,4
764,-2.58,1.608,-0.311,0.273,-0.148,0.262,-0.062,0.1669999999999999,0.337,-0.6920000000000001,5
766,-4.052,3.747,-1.24,-0.299,-0.426,0.917,0.517,0.716,-0.21,-0.125,7
767,-4.039,3.506,-0.964,0.0409999999999999,-0.4,0.976,0.65,0.659,-0.216,-0.327,8
768,-4.319,1.338,-0.5489999999999999,1.6780000000000002,0.027,1.922,-0.228,0.161,-0.47,-0.442,9
769,-3.329,1.788,-0.517,0.597,0.503,0.278,0.121,0.176,-0.159,-0.98,10
770,-2.46,-0.325,-1.404,0.928,0.122,2.049,0.2739999999999999,0.532,-1.113,-0.769,0
771,-2.904,0.4579999999999999,-0.6559999999999999,0.8320000000000001,0.61,0.805,0.568,0.0409999999999999,-0.114,-0.615,1
772,-2.318,1.097,-0.8320000000000001,0.26,0.821,0.588,0.402,0.327,-0.852,-0.773,2
773,-2.147,1.655,-0.355,-0.0819999999999999,-0.1939999999999999,0.296,0.146,-0.083,-0.314,-0.308,3
774,-2.733,2.026,-0.71,0.377,-0.774,0.284,-0.469,0.693,0.205,-0.74,4
775,-2.729,1.595,-0.15,0.1669999999999999,0.015,0.377,0.083,-0.038,0.166,-0.672,5
777,-4.048,3.753,-1.15,-0.209,-0.53,0.871,0.445,0.716,-0.131,0.139,7
778,-4.142,3.454,-0.653,0.271,-0.598,0.7929999999999999,0.563,0.52,-0.118,-0.33,8
779,-4.457,1.5119999999999998,-0.514,1.764,0.063,1.86,-0.332,0.1889999999999999,-0.521,-0.415,9
780,-3.407,1.821,-0.675,0.765,0.256,0.469,-0.09,0.322,-0.387,-0.968,10
781,-2.391,-0.347,-1.474,0.843,0.089,2.021,0.417,0.502,-0.86,-0.978,0
782,-2.919,0.4629999999999999,-0.716,0.957,0.635,0.833,0.501,0.048,-0.134,-0.638,1
783,-2.385,1.01,-0.754,0.37,0.785,0.471,0.415,0.318,-0.797,-0.679,2
784,-2.104,1.6,-0.297,-0.071,-0.172,0.285,0.152,-0.089,-0.296,-0.37,3
785,-2.7060000000000004,2.07,-0.691,0.31,-0.745,0.266,-0.413,0.602,0.36,-0.713,4
786,-2.855,1.587,-0.03,0.2019999999999999,0.165,0.445,0.207,-0.067,-0.013,-0.7120000000000001,5
787,-3.339,3.011,-1.264,-0.3429999999999999,-0.119,0.498,0.589,0.078,0.221,-0.8220000000000001,6
789,-4.172,3.07,-0.7809999999999999,0.516,-0.627,1.006,0.531,0.441,-0.102,-0.456,8
790,-4.494,1.535,-0.495,1.715,0.044,1.892,-0.367,0.362,-0.583,-0.291,9
791,-3.285,1.547,-0.897,0.917,0.127,0.402,-0.011,0.502,-0.557,-0.715,10
793,-3.439,1.007,0.02,1.491,0.777,0.257,-0.777,-0.282,-0.7070000000000001,0.746,1
794,-2.814,1.515,-0.088,0.597,-0.033,-0.29,-0.445,0.113,-0.136,0.662,2
795,-2.027,2.157,-0.297,-0.211,-0.266,0.086,-0.176,-0.179,-0.283,0.292,3
797,-2.594,2.584,-0.37,-0.524,-0.177,0.515,-0.1369999999999999,0.095,-0.731,0.072,5
798,-2.702,3.596,-0.57,-1.041,-0.7090000000000001,1.009,0.4029999999999999,0.426,-1.013,-0.009,6
799,-3.44,3.2030000000000003,-0.698,-0.86,-0.542,1.503,0.922,0.467,-0.183,-0.919,7
800,-3.961,4.144,-0.934,-0.089,-0.612,0.787,0.326,0.182,-0.487,-0.7190000000000001,8
801,-4.471,3.192,-0.161,0.1169999999999999,-0.327,0.406,-0.201,0.919,-0.716,-0.933,9
802,-3.012,2.252,-0.8059999999999999,0.389,-0.11,0.649,-0.3279999999999999,0.321,-0.5589999999999999,0.2339999999999999,10
803,-3.705,-0.204,0.2739999999999999,1.569,0.883,1.366,-0.94,-0.691,-0.162,0.598,0
804,-3.303,0.7020000000000001,-0.209,1.6269999999999998,0.818,0.287,-0.541,-0.198,-0.7170000000000001,0.768,1
805,-2.64,1.3219999999999998,-0.111,0.861,0.026,-0.354,-0.425,0.083,-0.235,0.7809999999999999,2
806,-1.948,2.143,-0.068,-0.211,-0.238,0.263,-0.27,-0.238,-0.342,0.147,3
807,-2.247,3.42,-0.887,-0.823,-0.297,0.774,0.185,-0.242,-0.79,0.046,4
808,-2.489,2.401,-0.44,-0.367,-0.069,0.5329999999999999,0.011,0.118,-0.621,-0.188,5
809,-2.776,3.557,-0.435,-1.044,-0.5720000000000001,1.273,0.221,0.295,-0.986,-0.04,6
811,-3.909,3.674,-0.648,0.088,-0.365,0.1989999999999999,0.424,0.336,-0.012,-0.252,8
812,-4.386,3.055,0.075,-0.018,-0.436,0.5660000000000001,-0.288,0.936,-0.5770000000000001,-1.01,9
813,-3.067,2.549,-0.851,0.505,0.044,0.574,-0.377,0.147,-0.606,0.1889999999999999,10
814,-3.699,-0.251,0.268,1.585,0.85,1.381,-0.867,-0.71,-0.19,0.5670000000000001,0
815,-3.266,0.5770000000000001,-0.261,1.481,0.8740000000000001,0.301,-0.496,-0.012,-0.623,0.879,1
816,-2.676,1.411,-0.098,1.047,-0.04,-0.131,-0.56,-0.03,-0.192,0.705,2
818,-2.305,3.625,-1.203,-0.665,-0.296,0.775,0.1969999999999999,-0.282,-0.8420000000000001,0.188,4
819,-2.489,2.379,-0.523,-0.158,-0.178,0.406,0.198,0.059,-0.589,-0.256,5
820,-2.898,3.393,-0.409,-0.993,-0.5870000000000001,1.3219999999999998,0.24,0.231,-1.068,-0.094,6
821,-3.3760000000000003,3.327,-0.797,-0.8490000000000001,-0.6809999999999999,1.198,0.838,0.244,-0.298,-0.618,7
822,-3.828,3.188,-0.3879999999999999,0.055,-0.185,-0.0289999999999999,0.503,0.273,0.326,0.1,8
823,-4.283,2.829,0.296,0.086,-0.544,0.501,-0.317,0.995,-0.34,-1.113,9
824,-3.189,2.62,-0.833,0.45,0.009,0.444,-0.348,0.126,-0.614,0.081,10
826,-3.155,0.613,-0.285,1.287,0.882,0.337,-0.624,0.067,-0.516,0.8909999999999999,1
827,-2.762,1.51,-0.145,1.157,-0.256,0.0409999999999999,-0.647,-0.324,-0.128,0.8059999999999999,2
828,-1.959,2.285,-0.089,-0.262,-0.013,0.019,-0.233,-0.068,-0.268,-0.022,3
829,-2.364,3.743,-1.393,-0.361,-0.354,1.004,0.208,-0.376,-1.046,0.722,4
830,-2.577,2.449,-0.38,0.174,-0.41,0.3829999999999999,0.19,0.0969999999999999,-0.489,-0.084,5
831,-2.919,3.48,-0.823,-0.7509999999999999,-0.416,1.045,0.609,0.18,-1.172,0.123,6
832,-3.387,3.286,-0.747,-0.6990000000000001,-0.9,0.8909999999999999,0.875,0.46,-0.457,-0.636,7
833,-3.818,3.159,-0.298,-0.0579999999999999,-0.348,0.1939999999999999,0.593,0.211,0.531,-0.0139999999999999,8
834,-4.299,2.775,0.244,0.177,-0.436,0.261,-0.308,1.175,-0.2269999999999999,-1.115,9
835,-3.269,2.489,-0.76,0.352,-0.092,0.432,-0.27,0.242,-0.523,0.01,10
836,-2.852,-0.805,-0.313,1.565,0.688,1.467,-0.664,-0.916,-0.2789999999999999,0.489,0
837,-3.379,0.95,-0.06,1.47,0.5379999999999999,0.051,-0.6809999999999999,-0.098,-0.405,0.912,1
838,-2.8360000000000003,1.561,-0.076,1.229,-0.291,-0.036,-0.369,-0.3929999999999999,-0.181,0.85,2
839,-2.021,2.4930000000000003,-0.416,-0.1159999999999999,0.094,-0.033,-0.4,-0.08,-0.136,0.069,3
840,-2.411,3.85,-1.405,-0.302,-0.3979999999999999,1.069,0.216,-0.291,-1.116,1.043,4
841,-2.708,2.56,-0.439,0.324,-0.348,0.429,0.091,-0.037,-0.434,0.344,5
842,-2.883,3.576,-1.198,-0.562,-0.162,0.974,0.764,-0.03,-1.023,0.346,6
843,-3.39,3.422,-0.718,-0.667,-0.871,0.7879999999999999,0.959,0.555,-0.482,-0.7240000000000001,7
844,-3.972,3.24,-0.8290000000000001,0.069,-0.617,0.977,0.532,0.498,-0.191,-0.91,8
845,-4.513,3.08,0.068,0.05,-0.484,0.341,-0.257,1.3019999999999998,-0.517,-1.057,9
846,-3.292,2.595,-0.578,0.42,-0.233,0.391,-0.241,0.437,-0.541,-0.021,10
847,-2.527,-0.926,-0.5710000000000001,1.6130000000000002,0.628,1.229,-0.687,-0.8079999999999999,-0.354,0.625,0
848,-3.498,1.669,0.076,1.53,0.38,-0.135,-0.8140000000000001,-0.208,-0.307,1.053,1
849,-2.8510000000000004,1.412,-0.184,1.281,0.0,-0.146,-0.172,-0.419,-0.307,0.8740000000000001,2
850,-2.026,2.4330000000000003,-0.411,0.064,0.223,-0.027,-0.424,-0.009,-0.305,0.345,3
851,-2.46,3.706,-1.304,-0.3389999999999999,-0.487,1.125,0.187,-0.211,-1.068,0.944,4
852,-2.879,2.662,-0.5720000000000001,0.425,-0.248,0.213,0.176,-0.281,-0.4039999999999999,0.605,5
853,-2.818,3.685,-1.413,-0.5579999999999999,0.025,0.871,0.688,-0.144,-0.93,0.282,6
854,-3.3960000000000004,3.867,-1.029,-0.603,-0.573,0.78,1.209,0.228,-0.6729999999999999,-0.562,7
855,-3.905,3.147,-1.259,0.304,-0.216,1.055,0.578,0.353,-0.517,-0.871,8
856,-4.5680000000000005,3.344,-0.005,-0.092,-0.546,0.479,-0.168,1.186,-0.565,-1.025,9
857,-3.35,2.713,-0.472,0.4,-0.196,0.248,-0.2239999999999999,0.53,-0.358,-0.091,10
859,-4.057,1.925,0.521,1.331,0.273,-0.1669999999999999,-0.365,-0.665,-0.512,0.716,1
860,-3.097,1.385,-0.173,1.392,-0.613,-0.143,-0.0139999999999999,-0.565,-0.065,1.129,2
861,-2.931,1.85,-0.8959999999999999,0.685,-1.0,0.504,0.212,-0.276,-0.203,0.595,3
862,-2.942,2.642,-1.217,0.384,-0.994,1.467,0.134,-0.4579999999999999,-0.465,0.6459999999999999,4
863,-3.065,1.781,-0.915,0.698,0.175,0.662,-0.086,-0.361,-0.774,0.951,5
864,-3.318,3.395,-1.706,0.753,-0.214,1.431,-0.0,-0.192,-1.33,0.03,6
865,-3.747,4.267,-1.847,-0.235,0.38,0.885,-0.049,-0.258,-0.772,-0.11,7
866,-4.039,2.061,-0.727,0.888,0.302,0.413,-0.381,-0.1939999999999999,-0.614,0.41,8
867,-4.08,2.242,-0.28,1.876,0.72,-0.292,-0.537,-0.54,-0.6629999999999999,0.238,9
868,-3.483,2.628,-0.3829999999999999,0.838,0.2,0.102,-0.162,-0.547,-0.7909999999999999,1.018,10
870,-4.013,2.101,0.295,1.2919999999999998,0.45,-0.024,-0.565,-0.588,-0.3429999999999999,0.695,1
871,-2.972,1.151,-0.293,1.609,-0.7240000000000001,0.123,-0.087,-0.8009999999999999,0.04,1.07,2
872,-3.029,1.747,-0.899,0.674,-1.046,0.5579999999999999,0.204,-0.155,-0.237,0.655,3
873,-2.926,2.673,-1.242,0.396,-1.029,1.548,0.05,-0.5920000000000001,-0.331,0.595,4
874,-3.075,1.824,-0.905,0.727,0.155,0.608,-0.075,-0.377,-0.74,0.852,5
875,-3.4,3.4410000000000003,-1.805,0.8140000000000001,-0.162,1.445,-0.11,-0.499,-1.2009999999999998,-0.046,6
876,-3.797,4.314,-1.596,-0.476,0.044,0.903,0.129,-0.141,-0.6459999999999999,-0.318,7
877,-4.083,2.193,-0.492,0.695,0.251,0.423,-0.5579999999999999,-0.123,-0.53,0.376,8
878,-4.045,2.377,-0.3,2.002,0.826,-0.18,-0.768,-0.408,-0.787,0.156,9
880,-4.756,1.197,1.431,1.54,0.262,-0.2769999999999999,-0.741,0.075,-0.26,0.8759999999999999,0
881,-3.999,2.138,0.295,1.086,0.6990000000000001,-0.127,-0.634,-0.4,-0.505,0.856,1
882,-2.964,1.154,-0.373,1.511,-0.583,0.152,-0.012,-0.949,-0.054,1.16,2
883,-3.053,1.518,-0.7290000000000001,0.828,-1.211,0.499,0.326,-0.136,-0.263,0.75,3
884,-2.967,2.781,-1.277,0.354,-0.936,1.505,-0.004,-0.418,-0.56,0.725,4
885,-3.2060000000000004,1.899,-0.933,0.733,0.261,0.565,-0.225,-0.3389999999999999,-0.677,0.765,5
886,-3.492,3.446,-1.734,0.705,-0.23,1.339,0.092,-0.698,-1.143,-0.05,6
887,-3.847,4.268,-1.521,-0.465,-0.23,1.067,-0.02,0.005,-0.5770000000000001,-0.509,7
888,-4.052,2.335,-0.415,0.732,0.2339999999999999,0.426,-0.49,-0.218,-0.618,0.34,8
889,-4.001,2.2840000000000003,-0.365,2.106,1.006,-0.0279999999999999,-0.825,-0.39,-0.898,0.099,9
890,-3.446,2.44,-0.37,0.926,0.1939999999999999,0.141,-0.098,-0.557,-0.889,0.985,10
892,-3.99,2.008,0.503,0.845,0.774,-0.114,-0.6409999999999999,-0.282,-0.7340000000000001,0.877,1
893,-2.965,1.124,-0.349,1.581,-0.6659999999999999,0.125,-0.025,-0.887,-0.13,1.11,2
894,-3.055,1.4,-0.6859999999999999,0.964,-1.29,0.545,0.337,-0.299,-0.173,0.69,3
896,-3.3710000000000004,2.007,-0.919,0.843,0.221,0.541,-0.317,-0.37,-0.5,0.652,5
897,-3.554,3.386,-1.703,0.555,-0.072,1.073,0.237,-0.625,-1.067,-0.176,6
899,-3.963,2.272,-0.534,0.977,0.3289999999999999,0.514,-0.363,-0.425,-0.7120000000000001,0.41,8
901,-3.51,2.535,-0.26,0.946,-0.072,0.159,-0.1119999999999999,-0.657,-0.789,0.914,10
902,-4.754,1.329,1.09,1.765,0.217,-0.198,-0.782,-0.154,0.023,0.85,0
903,-3.966,2.003,0.391,1.034,0.659,-0.191,-0.4479999999999999,-0.397,-0.769,0.969,1
906,-2.928,2.83,-1.361,0.3229999999999999,-0.7390000000000001,1.431,0.002,-0.172,-0.939,0.607,4
907,-3.4560000000000004,2.027,-0.862,0.887,0.281,0.435,-0.307,-0.387,-0.6,0.725,5
908,-3.52,3.318,-1.867,0.691,0.263,0.8220000000000001,0.14,-0.62,-1.098,0.083,6
910,-3.857,2.133,-0.58,0.996,0.502,0.65,-0.283,-0.4679999999999999,-0.983,0.613,8
911,-4.062,2.358,-0.31,1.895,1.095,0.049,-0.87,-0.524,-0.98,-0.065,9
912,-3.591,2.78,-0.301,0.812,-0.008,-0.019,-0.268,-0.564,-0.7879999999999999,0.948,10
913,-4.687,1.152,1.089,1.915,0.201,-0.296,-0.6920000000000001,-0.105,-0.143,0.884,0
915,-3.004,1.09,-0.3279999999999999,1.652,-0.679,0.287,-0.297,-0.695,-0.145,0.71,2
916,-3.341,1.714,-0.773,0.7709999999999999,-0.976,0.625,0.078,-0.4379999999999999,-0.084,0.607,3
919,-3.57,3.41,-1.5759999999999998,0.563,0.002,0.759,0.285,-0.466,-1.409,0.586,6
920,-3.792,4.29,-1.531,-0.125,-0.312,0.624,0.324,-0.053,-0.942,-0.301,7
921,-3.862,2.109,-0.65,0.99,0.7240000000000001,0.6409999999999999,-0.293,-0.519,-1.055,0.653,8
922,-4.118,2.542,-0.2,1.616,1.106,-0.06,-0.728,-0.544,-0.912,-0.1009999999999999,9
923,-3.636,2.719,-0.178,0.665,0.099,-0.084,-0.3329999999999999,-0.362,-1.0490000000000002,0.978,10
924,-4.047,0.913,0.7340000000000001,1.479,0.258,0.206,-1.117,-0.423,-0.336,0.982,0
925,-3.811,2.123,0.278,1.5519999999999998,0.754,0.492,-0.584,-0.433,-0.988,0.652,1
926,-3.4410000000000003,1.975,-0.395,1.024,-0.052,-0.1669999999999999,-0.445,0.168,-0.684,1.04,2
927,-2.584,2.091,-1.4509999999999998,0.889,-0.4639999999999999,0.285,-0.213,-0.245,-0.138,1.206,3
928,-3.119,3.135,-1.466,-0.352,-0.023,0.752,0.143,-0.231,-0.376,0.721,4
931,-3.642,3.582,-1.031,-0.7609999999999999,0.046,1.255,0.841,0.512,-0.259,-0.447,7
932,-3.977,2.9760000000000004,0.309,-0.259,0.026,0.816,-0.317,0.492,-0.674,-0.659,8
933,-4.008,2.141,-0.18,1.041,0.688,0.7120000000000001,-0.879,-0.201,-1.0659999999999998,-0.5489999999999999,9
934,-3.451,2.257,-0.845,0.432,0.486,0.266,-0.215,0.006,-1.082,0.759,10
936,-3.709,1.665,0.138,1.551,0.975,0.923,-0.396,-0.2339999999999999,-1.154,0.736,1
937,-3.369,1.784,-0.603,1.3030000000000002,0.0069999999999999,-0.044,-0.4589999999999999,-0.012,-0.591,1.047,2
939,-3.074,3.062,-1.47,-0.379,0.233,0.789,-0.099,-0.135,-0.395,0.5720000000000001,4
940,-2.902,2.988,-1.152,0.057,-0.477,0.622,0.3379999999999999,-0.368,-0.6890000000000001,0.7929999999999999,5
941,-3.027,2.903,-0.799,-0.452,-0.503,1.044,0.679,0.483,-0.7759999999999999,-0.062,6
942,-3.634,3.589,-1.075,-0.7090000000000001,0.0579999999999999,1.051,0.878,0.627,-0.111,-0.437,7
943,-3.924,2.7260000000000004,0.414,-0.155,-0.02,0.893,-0.188,0.552,-0.507,-0.617,8
944,-4.049,2.2230000000000003,-0.076,0.928,0.6920000000000001,0.731,-0.931,-0.141,-1.087,-0.584,9
945,-3.432,2.235,-0.753,0.361,0.435,0.425,-0.193,0.012,-1.166,0.794,10
946,-3.661,0.3,0.53,1.816,0.3329999999999999,0.444,-0.858,-0.732,-0.809,0.995,0
947,-3.674,1.513,0.038,1.604,0.907,1.045,-0.166,-0.295,-1.13,0.594,1
948,-3.242,1.615,-0.8290000000000001,1.589,0.09,0.051,-0.504,-0.211,-0.513,1.005,2
949,-2.634,2.076,-1.32,0.833,-0.547,0.287,-0.173,-0.203,-0.001,0.802,3
950,-3.052,3.059,-1.668,-0.208,0.466,0.7240000000000001,-0.237,-0.175,-0.315,0.411,4
952,-3.048,2.817,-0.703,-0.396,-0.639,0.92,0.674,0.6859999999999999,-0.611,-0.053,6
953,-3.66,3.618,-1.051,-0.748,0.08,1.022,0.914,0.613,0.023,-0.4479999999999999,7
954,-3.919,2.575,0.471,-0.064,-0.042,0.88,-0.128,0.612,-0.504,-0.539,8
955,-4.093999999999999,2.499,-0.149,1.017,0.6829999999999999,0.536,-1.023,-0.127,-1.142,-0.421,9
956,-3.3960000000000004,2.257,-0.602,0.407,0.204,0.366,0.067,0.044,-1.352,0.871,10
957,-3.572,0.228,0.52,1.791,0.382,0.573,-0.961,-0.74,-0.936,1.007,0
958,-3.584,1.252,-0.062,1.646,0.787,1.134,0.096,-0.292,-1.133,0.472,1
960,-2.643,2.021,-1.265,0.759,-0.442,0.159,-0.032,-0.145,-0.1639999999999999,0.86,3
961,-3.05,3.055,-1.598,-0.12,0.144,0.757,0.119,-0.397,-0.396,0.477,4
962,-2.938,2.782,-1.111,-0.076,0.0,0.5820000000000001,0.252,-0.4,-0.773,0.838,5
963,-3.095,2.8510000000000004,-0.816,-0.396,-0.603,1.09,0.5670000000000001,0.743,-0.677,0.052,6
964,-3.706,3.627,-0.889,-0.789,-0.093,1.223,0.8140000000000001,0.563,0.062,-0.449,7
965,-3.946,2.545,0.447,-0.001,0.043,0.7879999999999999,-0.102,0.68,-0.637,-0.545,8
966,-4.145,2.739,-0.115,0.907,0.669,0.478,-1.183,-0.24,-0.887,-0.365,9
967,-3.325,2.141,-0.528,0.439,0.099,0.321,0.217,0.135,-1.388,0.746,10
968,-3.4610000000000003,0.04,0.5529999999999999,1.854,0.386,0.568,-1.003,-0.638,-1.04,1.051,0
969,-3.5460000000000003,1.064,-0.006,1.455,0.847,1.117,0.073,-0.025,-1.318,0.557,1
970,-3.32,1.5530000000000002,-0.586,1.6880000000000002,-0.262,0.392,-0.478,-0.461,-0.522,0.929,2
971,-2.71,1.943,-1.247,0.772,-0.345,0.107,-0.062,0.04,-0.322,1.018,3
972,-3.018,3.014,-1.486,-0.105,-0.131,0.929,0.226,-0.4629999999999999,-0.555,0.598,4
973,-2.904,2.741,-1.123,0.0139999999999999,0.071,0.654,0.212,-0.4539999999999999,-0.815,0.752,5
974,-3.176,2.997,-1.098,-0.371,-0.418,1.318,0.48,0.472,-0.8140000000000001,0.106,6
975,-3.743,3.629,-0.8740000000000001,-0.79,-0.312,1.759,0.679,0.565,-0.521,-0.485,7
976,-3.952,2.489,0.287,0.012,0.141,0.892,-0.087,0.613,-0.685,-0.623,8
977,-4.211,2.8110000000000004,0.016,0.799,0.514,0.496,-1.219,-0.238,-0.7979999999999999,-0.392,9
978,-3.309,2.256,-0.615,0.365,0.251,0.439,0.011,0.119,-1.219,0.695,10
980,-3.62,1.0659999999999998,0.158,1.393,0.879,1.02,-0.09,0.087,-1.3330000000000002,0.585,1
981,-3.468,1.81,-0.39,1.55,-0.084,-0.008,-0.482,-0.231,-0.7240000000000001,0.967,2
982,-2.795,1.957,-1.259,0.79,-0.2739999999999999,0.078,-0.114,0.005,-0.309,1.142,3
983,-3.002,2.944,-1.379,-0.188,-0.131,0.957,0.346,-0.392,-0.711,0.617,4
984,-2.924,2.7310000000000003,-1.138,0.066,0.1,0.6829999999999999,0.162,-0.3989999999999999,-0.882,0.8270000000000001,5
985,-3.239,3.083,-1.4269999999999998,-0.2019999999999999,-0.282,1.421,0.5760000000000001,0.068,-0.914,0.147,6
988,-4.263999999999999,2.925,0.065,0.794,0.3229999999999999,0.515,-1.2819999999999998,-0.14,-0.863,-0.39,9
989,-3.2910000000000004,2.324,-0.679,0.285,0.441,0.557,-0.2269999999999999,0.115,-1.046,0.6970000000000001,10
